uniprot,solubility,sequence
1,0,MTETLASASTPTRPALVTEVPGPRSRDLHSRKTAAVPRGIGTALPIYIDHAEGPWLVDVDGNRFLDLGCGAGVNMVGHHQQSIIDAATAQLNRVTHTLFGITPYEGYVRLAERLTEKTPGSHAKKTMFANSGAEAVENAVKVARAYTGRRAVASLDHGFHGRTNLTLAMNHRAVPYASGFGPFAPDIHRVPNSYPFRDGLTGRQAADRTIAYLEERVGAADLAALVVEPIQGEGGFIVPAEGYLPALQEWANRNGVVLVADEIQCGLGRTGTWFASDLFGLVPDVVLTAKQIAAGLPLAGVTGRAEIMDAAAPGGLGGTFGGNPVSIAAAHVVLDLLEGEEQFSAARRIGNTLTSGLRRIAEHHPVIGDIRGHGAMIAFELTRAGTTQPLPGSAAAISEHAARRGVVLITAGSDGNVIRFLPTLDVTDDLLEYALTVIAEALDLQD
2,0,MQPSTYPRIPQEIAPIATDFRRIQSALPHPASIPLLEKMEHYEARSMHGQPPVIWHRAHRYTVEDPYGNRWIDLSSGVLVANAGHGRSWVRAAMADQLERGLHHCYCFPHEARAALSEKLVQVTPASMEKAFLLTTGSEAIECAIKISRRHGTSQGGSRKKRIISFQNAFHGRTLGSQMAGGIPALKAWIQQEDPTFVQVPFPDGYQNEETRFESFLGALSERSVTTDEIACVLLETYQGATASFAPVEFMQALREWCTSHQIVLVLDEVQAGFGRCGKWFGFEHYRIEPDLMCCGKGISSGMPLSAVLGKAELMDQFGHGEMTSTHSGNPICCRAALAGIEIIEWENLVENSNQLGQIQQEFLQGLKDEAACIGVVHGKGLVSGIRFVKPGTKEPDGELAHRITQRCYENGILTFAPVGPGGGTIKINPPLCIDQAALEEALGIFREIVLKENS
3,1,MSMLEQFKEYTSPVLGRYFEDFEVASGKGCYLYGTDGKEYLDFASGIATCSTGHCHPKVVKAAIEQTKKLIHTCIGIALYEPYGSLGKEIRSISPIPNSQIFACQSGTEAVESALKLVKYATKKPGIIAFEGSFHGRTLGALSVTTSKMKYRDGYEPLLPEVYISPLDLSSVEKIIKEHQIGGIIFEPVMGEGGYKVISPIFLQGLRKLCDNNDVLLIADEVQSGVGRCGKWFAFEHAGIVPDVITLAKGIASGFPLGLCVAGRELMAKWSKGAHGSTFGGNPVSCSAAIATINVIKEKSLLEKTEKLGNYLIKQLKKLQKKYSQIKEVRGLGLMVGVDFCDNAIVKKIMNFCLENGLVLISTGGDGTVIRFVPPLIVKKPQIDKALEIFEEALTK
4,1,MSSLYERSLKVIPPVAGRATKLGVIKGAGAYLYTEDGRKVLDFASGVAVCNLGHNNPAVVQAAKDQIDKLIHGGHNVVYYESYVKLAEKIVSCTGNKTMVYFSNSGAEANEGAIKLAKYVTKRQAVISFKGSFHGRTLATTSITGSSSKYRENYEGLLPSVYFAEYPYCFRCPYKQNKENCMMECTAQFDDMFKKLITPESVAAIIVEPVQGEGGYIVPPKKFLKELRNICDKHGICLIFDEVQCGFGRTGKLFAHENFGVEPDIFTCAKAIASGFPLSAVIGKKEIMEKWPAGAHGGTFGGNPVACAASLATIKELENGVLDNAKNMGNYLKEELLKLKKKYKCIGDVRGIGLMVGMEFCKENNEPDSDMLTFVRKYAEDNNLILLGCGTEHNVLRFIAPLTVVKEELDTAIDIVEKGIIEYLNR
5,1,MARKYIRVTTEIPGPKSKAALFRKERYVAKPLAPLAPFCAARADGPVVEDLDGNRFLDFSGGWGVMNVGHNHPKVVAAVQEQAALTLHTDFTSVPYEPYVDLAKRLAELAPGPTPKKCAFFNSGAEAIENAVKISRVATGRKAVLVFDYAFHGRTLLTMTMTHRAIPYKAGFGPYAPDVYRLPYPYPYRSPIAMAAIERRMLSLVDPQEVACVVVEPVIGEGGFIVPPPEFLPFLRELCDRHGFLLVADEVQCGVGRTGRFFACEHAGIEPDLICVAKSIAGGLPLSAVVGKAEVMDAPIPGSLGSTYGGNPVACAAALAVLDVIQEEGLLARADHIGEVLMRELRALERTYPVIGDVRGLGAMVGIELVRDRKSREPAPEETKRVQGEALKRGVIFPTAGLYGNVVRFLVPLTIPDDALLEGIAVLGEAFAAAAK
6,0,MHQHCMIAGDIRERKAIQMPRNYDLPGPRSKEILDLQDQYEPSCGAGSAPVVWAEAHGATVTDVDGNEYIDWTSGVLAANIGHSHPHWVKAVQDQVAKVTMPYAFPTEPRVTYARRIVNAMPSHARHLDRCFLLSTGSEATEAAMRVAKRVTGKHEVISFWGGFHGRTWGAMSMAGLQGTKKQWGPLMPGTIYSPYPYPYRCVFGSQSEQECADKCLQWLDNKMRYESIGDLAAVIIEPYQGGAGFIFPPKGFLKRLEQWTHDQGAFFIADEIQASFGRTGKLFCIEHEELSPDFLCIGKGIANGIPTAALMGSHEIFDQLEKGEMSSTTGANPVSAAAANAVLDVFETENLLENCNEVGAFMLDEIRKLQSKYDVLGEVRGQALVIGLEFVKSKASKEPAPELTSRVTERMARKGVTCGKVGIFGNVVRCAPPLCITKDQAEESIRCLDEVLGELV
7,0,MHSTTETTSHDRILADRARYVSAGVSTPRLVVSHADGARVTDVDGRTFLDFAGGIGCQNTGHRFAPVVDAIKAQADDYLHQCFMVGVYEPYVEVCRRLADLSPCAGEQQKSLLVNSGAEANENAVKIARSATGRPAVIVFDNAFHGRTLLTMTMTAKVKPYKAGFGPFAPEVYRAPVPNPYRGVTTDDAIRGLKQLFKAEVDPASVACMVLEPVQGEGGFLPMPGDFLRRLLEICREQGILFVDDEVQSGVGRTGKMWAIEHHAGVAPDLLVAGKSIGGGLPLAAVTGRASIMDAVPAGGLGGTFGGNPLSCAAAVAVLDAVADPEFLAHASDLGDTMRSRLQQLATKHDAIGDVRGLGPMLAFELAEQSPDQAAAIVAAAFERNLLLLACGMYGNVIRLLAPLTIETEELDEGFSVLEDALAVAL
8,0,MVESAEKKIKEIRERAKLYSKKEYLDVIEREASGPRSKEVLKKIIEFEGWTSCGWILFDAPPVIDRGEGALLWDVDGNKYIDLMAGFGVESVGHANQIILDAIVSQFKKSSHFAELPNELRANLAEEVSKLAPGPSRKKVHFTITGSDAVENALKIARYYTGRPDILTFFGTYHGRSFGVAGVTSFANVKYQFWPLTARIGVLHVPYAYCYRCMFGKEYPDCGLFCAKFVEELFTSTAYTLRWPSKDISNVAAVLTEPTQGAMGCIIPPREWLSEIRKITEKYDVLLVDDEVYGGWGRTGKWWACQHSNVDPDIIAASKTIGSGIPFSLVLTREEIADSLPVNMVHSTMSGYHLGCAVALATIKIIKENNLVERSAKLGEYFLRGLKDLQESHKIVGHVDGLGLWLRVELVKDRRTKEPAEEEAKIVQKRCMKDGVLFMIEGYYGNVIKIHPPLVIEKEQIDESIQVLDKELKYVEENM
9,1,METEYLFHREPKQVEQIHTKNRTICTKIPVPQSMEIIERSIKNEPWSMNNQLYAVWDHAVDYSIYDKWGNKWIDMSSGIFVTNAGHGNPDMIEALEKMIRKPMMNSYYYYLEERSLLTEQLVKMAPAGMDKAFLLTTGAETTECALKLCRLHGIKQNPKKLGMIAFGGAFHGKTLGAQTMAGKESSWKWIGNLDPCIYHLPCPTDAFEDMSQIYDEEKGRLLFKKDIQELEKAGVDLDMIAGAIFEPYQGWAALFYPIGYIKALREFLNEKKALLVSDEVQAGFGRTGKLFGYEYYNVNVDIICCGKAVSGALPLSAVLSSAEILDVDGSLNSTHGGSPLPCASALANLKYIEEHHLVEEAKRKEGILLEKLNQMKARFPDRVKAIHGMGMAFAAVIVKPGTKELDIELVDRVIERAFEKGVMSIRTMTGTIKVGPPLTITDDALIEALDVLIEALGEVIKES
10,1,MKVQNKTEELQIKGKKHLSPVMTRVTELVIEKAHGAKFWTADGTEYIDFVSGVAVNAVGHTHEKMVEAIKKQADQLLHLGLNYGYYETAVNLAEKLAQITPGNLDTVFFSNSGAEAIDGALKLAKAATGRPAIIAFEGSFHGRTLGATAITASSSKYRSYYEPILGEVYHAPYPYPSQLPNIDEEEAEAYCLNQLQKLFELRVDPSRVAAIVIEPVMGEGGYYPAPSSFLRALRDIANDYGILLIFDEVQTGFGRTGKMFAAEHAGVTPDILVLAKALSGGMPLGAIVASRELHEKWPTAGHGSTFGGNPVSCAAALANISIIEEEKLVERSEKVGADIVKRLQHSIGHLPAIKEVRGIGMMIGIEFHVETAAAYVPAIKSKALERRLLIMNCGVKGQTIRLMLPLNIDKDVLNQGLSLLEEVITEAVSIN
11,1,MSADWSYLREKSASRLAPSMAKDHPNLPVVKEEGCYYYGVDGVKYLDFTSGIAVTNVGHRHPKIVQAIKEAADHLTHGPIGVIQYESILKLADELADILPGDLDCFFFANSGTEAIEGALKLAKFVTKRPYVVSFTGCFHGRTQGSLGVSTSKSKYRKFLQPNGLTYQVPYFKPSDPRILDEEGEVVESLACELLEEEFTNLFKYHVSSEEVAAVILEPVLGEGGYIIPPASWLAKVREICNRHDILLIFDEVQTGFGRTGEWFAAQTFGVTPDIMAIAKGIASGLPLSATVANHKLMQQWPLGSHGTTFGGNPIACSAALATLDVLKEENLLDNAREVGAYARERLNLLKEKYEMIGSIRSVGLMIGIEIIDPQTKKPDGAAVLRILDLALQEGVLFYLCGNEGEVIRMIPPLSVTKEQIDDGLDMLQRALVKYKEETHQPASL
12,1,MSATALFGNYARSNLSFDHGEGVWLVTKDGRRFLDCGSGIAVNSCGHSHPHLVKALQDQAAKLWHISNLHQMPEGERLAQRLVDNTFADKVLFVNSGAEAMEAAIKCARRYQYDNGQPDRFHVITFEGAFHGRTLGTIAAGGQAKYMEGFGPKAPGFDQVPAGDLEALKAVIGPQTAAIAIEPIQGEGGIKEMQPEFLRALRQLCDDNGLLLIFDEIQTGVGRTGKMFAYEWSGVAPDLMAVAKGIGGGFPVGACLATAETAAALAPGTHGTTFGGNPLAMAVGNAVLDVILADGFLQDVQKKGLNFKQKLAGLVDSHPKVLELVRGSGLMMGLKCVVPAGDYVAAARDAGLLAVPAGDNTVRIMPPLTMTEDEIATAVERLEQAAQAVEAKLVEGAAE
13,1,MTINDIIDLEHQYVLGTYARAPFVLDHGQGCWVYDTDGNAYLDCVAGIAVNALGHADPALIAALTDQANALWHVSNLYHTAPHARLARKLCETSFADRVFFCNSGAEANEGAFKFARKWATDHYGPQKHAIVAFTGAFHGRTFGALAATPREKYQAPFRPLLPGVRIAPFNDLAGTAAVMDDDVCAVVVEPVQGEGGVHPVDPDFLHGLRDLCDQHNALLIFDEIQCGLGRTGALWAHQGYGVTPDLLTAAKPLAGGLPMGAVLMTARVADVMHPGDHGSTFAGSPLVSAVAEAVLARVTEPAFLADVAAKGAYLRERLEEINSPHITEVRGRGLMVGVELDLPAADAVNAGYRHGLLLVAAGAHTLRLVPPLVITRAEIDLLIERLSAVLTAVERPVNWGKQGN
14,0,MSYLMNTYKRLPVKFVRGEGVYLYDEQGRRYLDFLSGIAVNSLGYSDPDLVHAICQQAKELLHVSNLFENPWQEELAGLLIDRFWDKGGKVFFANSGTEANEGAIKLARKYFDGKRYRIITFYKGFHGRTYGSMSATAQEKIHKGFEPLLEGFDYAELNNFDSVLKALKKDTAGIMLEVIQGEGGVNPATEEFLGKVGELCKKEGLLLIVDEVQTGVGRTGRFYAYEHYPIKPDIVTLAKGLGGGVPIGALIASGEVAKAFVPGSHGSTFGGNPLACKAASVVVRKVIDLLPQIQRVGSYLEMRLRELEVKELRGKGLMWGLELGRDCTHIVEKALKMGLVVNCTAGSVIRLLPPLIIREEHVDEAMEVLGRIIHE
15,1,MSTSNVRTTADLYDTYVLKNYGRAPITLARGRGAQVWDDEGRAYLDFTTGIAVNALGHCHPHWVAAVQRQAAELIHTSNLFRNANQGELARRLAGYAGPGRVFFCNSGTEANEALIKLSRLHGAKKAGGAEGKCHKIICAKNAFHGRTFGGMSATPQQKIQKGFAPLVPGFVFAELNNLQSFADLVDENTAAIFIETIQGESGVHACAPEFLRGLRELCDKHNLLLMLDEVQCGLGRTGKFYAYEHAGIRPDAIGMAKGLGGGMPMGAMWVAEPHAELFHAGSHGSTFGGTPLACAAGLAVLDVIEKENLLEKVTLQSAPWIASLKKLAADFPQKISEVRGQGYLVGVQMASDSAPVIAKLRELGLLVVGAGNNTVRFLPPLNVSEEELAKSVEIFRSAVE
16,1,MSAKSTIEATDLYTAPNYARYRVAFVRGEGRRLWDESGKVYLDMLAGLGVASLGYGYPSLVEAICDQAGRLLHTSNLYYHQPGAELAARLVELSFADRVFFANSGTEANEAAIKMARRRGGGRYEVVSALRSFHGRTLGALAATGQPQLQEGCGPMPPGFRHVPYGDAGALAEAVGEQTAAVLVEPILGESGVIVPGPGYLRAVREICDRAGALMIVDEVQTGIGRTGRLFAHELEGVRPDICTVAKGLGGGLPIGAVLATEEAASALTPGSHGSTFGANLVCCRAALAVLAALYDDGVLENAERAGAYLGERLERLAAARDDVVEARGVGLMRALELNRPAKPVVERALELGLIVNATAGTVVRMLPPLTITREEIDEGVELLERALG
17,1,MSLSVTRENFDEWMVPVYVPAPFIPVRGEGSRLWDQQGKEYIDFAGGIAVNALGHAHPALREALNEQASRFWHTGNGYTNEPALRLAKKLIDATFAERVFFCNSGAEANEAALKLARKYAHDRVGNHKSGIVAFKNAFHGRTLFTVSAGGQPTYSQDFAPLPPDIRHAAYNDLNSASALIDDNTCAVIVEPVQGEGGVIPATKAFLQGLRELCDRHQALLIFDEVQTGVGRTGELYAYMHYGVTPDILTTAKALGGGFPIGAMLTTQDYASVMTPGTHGTTYGGNPLATAVAGKVLDIINTPGMQNGVRQRHDAFIKRLNTLNERFGMFSEIRGLGLLLGCALQAEFAGKAKLIAQEAAKAGVMVLIAGGDVVRFAPALNVSDEEIATGLDRFALACERIQTGGASCG
18,0,MIPQKNAQEHGSSNLHSAEAEKDYLLKNYARFPVEFVRGEGAYLYDSNGKEYVDFLSGIAVTGFGHNHPEIKSAVEEQMNNLWHVSNLFEAGGQKSLAQKLAERAGLDYVFFCNSGSEANEAAIKLTRKWGKERSHIITAIGGFHGRTMGSLSATAQFKVWNGFFPLTPGFIYAQYGDMSSIENSYNKDVAAVMVEPIQGESGIIIPPDNFLKELRAFCDEKNILLILDEVQTGIGRTGKFFAFEHEEIKPDIVTLAKGIANGLPLGALVCSKEVGDAIKPGDHGSTFGGNPLAVASANKVVDLIDEELLEKITSSGGKIIKSINELKYEIIKEIRGKRLMIGIEFDERISAKTISKELLNAGIVTCTSGENTLRMLPPYIITEKEIIKFLHTFAEVLSKIQKVNEYVG
19,0,MDFEEAVKKEGRYFAQVFNRLPLLLVRGEGCKVFDHTGAEYLDFFSGIAVSAVGHNHPKVVEALSSQASLLMHASNWVYTEQQLALAERLSKLTGLERAFFTNDGTGAVEAAFKLARKHTGKHEVIAFKNAFHGRTKGALSATWCEKYRKPFEPLVKGVKFAEYDSIESVESLLTDDTAAVIVEPIQGEAGVIVPSDEYLKELRDLTSDKGAVLIVDEVQTGFGRTGSWFEFKRAGIEPDILVLAKGMGGGFPIGAIAYSAMDFETGQHGGTFNGNPLACAVSNAVIGAIDDEGLVENSRKMGDYLMKGLSGFKPHGRGLMIGVDVDDGRGKTLELIKNGVIVIYSGNTLRLLPPLNIGREEADAVLSAFEKVIG
20,1,MEQPIPVTRQSFDEWIVPTYAPADFIVVRGEGATLWDQQGKSYIDFAGGIAVNALGHGHPAVKAALIEQADKVWHLGNGYTNEPVLRLAKQLIDATFAEKVFFCNSGAEANEAALKLARKYALDNFANKPGQQGEKNQIVAFRNAFHGRTLFTVSAGGQPKYSQDFAPLPGGISHGIFNDLASAEALITDQTCAVIVEPIQGEGGVLPADSEFLHGLRALCDRHNAVLIFDEVQTGVGRTGELYAYMHYGVTPDVLTSAKALGGGFPIAAMLTTTKYASALNVGSHGTTYGGNPLACAVAGTVLSLINTPAVLSGVKERHQWFLEGLADINARYKVFAEIRGRGLLIGCVLNSDYAGKSKDIIQAAAQHGIIALIAGPDVVRFAPSLIISQHDIKEGLARLAMGIEQVCRKAKS
21,0,MTSHLFQTYGRRTIEFVKGTGTKVIDNKGKEYLDFTSGIGVCNLGHCHPTVLKGVQEQLDDIWHISNLFTNSLQEEVASLLTENRALDYVFFCNSGAEANEAALKLARKHTGKSLVVTCQQSFHGRTFGTMSATGQDKVKEGFGPLLPSFLHIPFNDIKALEEVMNEEVAAVMVEVVQGEGGVIPVDLSFLKEIETLCNKFGSLFIIDEVQTGIGRTGTLFAYEQVGIEPDIVTVAKALGNGIPVGAMIGGKELGTSFTAGSHGSTFGGNYIAMAAAKEVLQVSKKPSFLKEVQEKGEYVLEKLQEELQHVECIQNIRGKGLMIGIECKHEVASFIEQLENEGLLVLQAGPNVIRLLPPLIVTNEELEQAVYIIKKVVCTKNVSII
22,1,MSQPITRENFDEWMIPVYAPAPFIPVRGEGSRLWDQQGKEYIDFAGGIAVNALGHAHPELREALNEQASKFWHTGNGYTNESVLRLAKKLIDATFADRVFFCNSGAEANEAALKLARKFAHDRYGSHKSGIVAFKNAFHGRTLFTVSAGGQPAYSQDFAPLPPDIRHAAYNDINSASALIDDSTCAVIVEPIQGEGGVVPASNAFLQGLRELCDRHNALLIFDEVQTGVGRTGELYAYMHYGVTPDLLTTAKALGGGFPVGALLATEECASVMTVGTHGTTYGGNPLASAVAGKVLELINTPEMLNGVKQRHDWFVERLNIINHRYGLFNEVRGLGLLIGCVLNADYAGQAKQISQEAAKAGVMVLIAGGNVVRFAPALNVSEEEVTTGLDRFAVACEHFVSRGSS
23,0,MHPMQDPKALHDHRPLIIQSGEGVHITDIDGRRFIDCQGGLWCVNAGYGRREIIDAVTKQMEELAYYSLFPGSTNVPAIALSQKLTEVAAEEGMVKVSFGLGGSDAVESALKIARQYWKLEGQPDKVKFISLYNGYHGLNFGGMSACGGNAWKSSYEPLMPGFFQVESPHLYRNPFTNDPEELAEICAQILERQIEMQAPGTIAALIAEPVQGAGGVIVPPASYWPRLRQICDKYDILLIADEVITGLGRSGSLFGSRGWGVKPDIMCLAKGISSGYVPLSATLVNSRVAQAWERDAGFTSVYMHGYTYSGHPVSCAAALAAIDIVLDENLAENARVVGDYFLAKLLGLKEKHRAIGDVRGKGLMLAVELVKDRTTKESFGPADAYPLAISEACVNNGVMIRTIVNKLIISPPLTFTKEHVDEVVEVLDRAFVANPW
24,0,MDSTNIKRQQKDYWTLDKQHVIHPYTNFEKFSDEGSVIYAKGKGHHIYDEQGRAYLDGIAGLWCVNIGHGNEEIAETMAEQSQKLAYYNTFEDASSRPMAELGEKLAEISPGALNHVFYGTGGSMGNDTAVKIAHYYFNLLGKPNKKKILSRDLAYHGSTYLAHAITGISSTHMSFDLPHQLVHYLTAPYTYRNQGDRTLEEFIDFLVDEMEEAIIKIGPDNIAMFFAEPIMGAGGVIVPPGDYHKRTHALCKKYDILYVSDEVVTAFGRLGKMVSSKDLFDVEPDMCVYAKGISSGYIPLGATMISDQIHQVISKPKKDNPYFSHGFTYSGHALSCQVGLKNIEILERDNFCGHVSKWGPYFEEELGKLSEYGIVGEVRGSHYMLALEYVQKKETKESFAPEVNIGKRVYHHAKQLGLIIRPIGNLNVLSPPLTYDQKAIDNTINILRESIERTIKDLIEEGLWQQ
25,0,MEYAYPKGHVFYRKLGRVYPLATRGDGIYLYDEKGKRYIDGSGGALVVNIGHGQKEILQRMMEQMGQVGYVHGTQFTTGSIEEYAEALGKILPEGLEKIYFLSGGSESIEAAIKFARQYFLESGHVQRWRVIARWHSYHGNTLGALSLTGRIGMRKPYLPLLIDFPHFPPPYCYRCPFNLSYPRCELECAKTLEHVIRMEGPETISAVILEPIGGATIGALVPQDGYLSMIREICDRFGILLIDDEVMTGMGRTGRWFAVEHWNIIPDIMVLGKGMSGGYFPLSAMITRSEFIERLKERAGGFVHGHTFSHHPVGCAVGLAVLRFIEEKRLIEQCHKNGDYLLKRLGELKAFPFVGDVRGKGLMAAVEFVKDQKTKEPFPRTERFTERVIDSAFENGLVLYPGTGFVDGVNGDMVMVGPPLIIEENQIDEIIEILKKTFNKLGMRS
26,1,MTIQNMQMPDHLWRPITQHSTLSGITPPRMVKGEGVWLTDDKGNRFIDSLAGLWTVNVGYGRKEIAAVAAEQMEQLAYLAPMMTSDPVVDFAEKLQTMLGFEAHVYFSVSGSEANETAIKMARQYHLQNGKQGENRFKIISRYRGYHGNTLGAMTATGQAERKMGYEPGAPGFVHVMPPYPYRRHEKLTVEEHGAEMLTLLEETIIHEGAQTVAAVLMEPMITGGGVLVPPDNYVKGVREICDRYGVLLIFDEVVSGFGRLGQMFGHRIWGTEADIFTFAKGLASGYMPIAATVAKKHIFDGFLGEPGEMKHFRQVNTFGGHTVACAVGLKNVQIIEDEDLPANGQRMGDYFRSRIREELGDHPLVGEVRGMGLLTGIEMVSDRSAKTPLSEDRLNVLTRTAIANGIILGRNSNTIPGRCNVLLIAPPLVVNEEETDRIVAAIKAGVEAC
27,1,MPTSYDSDRLKKADSANILHPASVVADVAAKGPRIIAEGKGCVITDTDGKSQLDAVGGLWCMNIGYGRPEIGDAMKKASDQLGYFHTFAGHSNPAQIDLAERLVAKMPDHINKVFFGSSGSDANDSLMKIVWYYNGLRGKPEKRKIISRKQAYHGTTIASASLTGLASFHRNFGLPLAEVKHTSLPHYYREAKTSESELEFSNRLACELEEMIIAEGPETVGAFIAEPVMGAGGVITPPEGYFAAVQKVLKKHDILFICDEVVCGFGRLGDWFGHRVYDIRPDMIATAKGITSGYFPLSAAFISDDIWNVLRDGSATLGAFAHGFTYSGHPVGCAAALANLDILENENLIGNAAEVGAYLHRSLAQALGDHAHIGEIRGRGLIGAIQLMADRDTKIGFDLKHKIAARCVAAIGELGVIYRPLPTADSLAFSPPLCLTRNEADQMVDALRKGLDQVIGGLSSDERKGLAA
28,0,MTEPFGGLLYGDWDGTWPVITGGDGIFLQDMEGRKYLDAVGGSHVVTIGHGVAEIGGAMADQARQVAYASGRTFANSAQLELAELIRTRTPEGLNWLYFTSGGSEATEMAIQLARQYHVERGDNRRYKVIGRQHSYHGGTLGAVAVGGHAVHRSRLGPYLDRPHLIASPECLHCPLALTYPACELACAEDLARMIEAEDPLTVAAFIAEPIGGTTSGAMSPPAGYYEAIRAVCDQYGILFLADEVVTGFGRTGLDFAILNWRATPDIMICSKGITSGYAPLGAVIAHDDVAATIREGSGQVALRLTYSGNPVSCAAGLAVQRYVEKHDLVRRCAAMGKYLERRLAVACGTSRFLAGVRGAGLLLAVWLAQDPATGRPFPRAARAQERVIAEGMRRGIVLMGGTGTANSVEGDHILVSPPFTITELECDLLVELLTDTVSAALSDVNKERGR
29,0,MERAPESLVFRRAPGRELPTVERGEGAVLWDRGGKRYLDGSGGAVVVNVGHGRAEVAQAMSRQAAAAAYVHGTQFTSDVLEEYARRLAPHAPGDCRRLYLVSGGSEANETAVKLARAYQVAIGASSRHKVIGRSVSYHGSTLATLGLSGRPTLQAPYAPMLAAHPRAMAPFCYHCPLGTSYPTCGVACVEDLEAVICREGPETVAAYIAEPVLGASAGAAVPPAEYAARAAEICRRHGVLYVDDEVMTGFGRTGRWFGIEWSGAAPDIVTCGKGMSGGYMPVGGVLASERVVAAVARAGGFVHGYTFSHHPVTAAACLAVLDILEREDLVERSRRLGEAALLRMGALRRHPHVGDVRGRGLMLGLELVADKDARRPFSRAEKRAEALAAACFEGGLVTYPSAGAATGTDGDVVMLAPPFVVTEPQLAEMVDVLDRSLYALGL
30,0,MSIGSLLDGPVFLRDLSREPIVIDRADGVYLYGEDGRAYLDAAAGAAVASVGHGRTELADVLRAQATRVAYAHPGAFITRPTIELAEKMIARAPAGFSRVFFTSGGSESVEAGIKLARQVHLAHGRAERIKVVSRRTSYHGATLGALAVTDQAERTAPFTALMRIEPKIAPCYPYRCTWCHADRRCTLECADDLARVVEAEGAAQIAAFIAEPIVGSSAPGAAAEPAYWRRVRAICDEHDIVFIADEVMSGNGRSGTWWAMQQADVLPDLIATAKGTGAGYASLGALLVSDEMFDAFRARRDDFRHGHTYSGHPVAAAIGSRVIDIIEREGLLQRVQTMGVHLLQRLHETFDDHPHVGDIRGAGLLAGVEFVADRANRNPFPSAAGVRARVRQACLDRGLYIYPGGGSAGALGGDHALLAPPFVIDEAQIDALVRTLREGLDAALADVL
31,0,MSSLNIFYEGFKGKVRIVRGEGVYIYDEFGRRYLDASGGSNASVPIGHQAQPVIEAMLEQARRVSFVPMHVFSNEPAELLAEEILKVSPPGFGSVSFVNSGSEATEYAVKAARQFWMSKGKYSKFKVVTRWQSFFGNTFGALSFGGHTFRRSRYIPYLKDMPHIPPAYCYRCWFRKEYPGCDIDCALYLDRVVKQEGPENVAAFIAEPIVGATTGATVPPKEYYPMVREICDRHDLLFIADEVQTGVGRTGEWFCMEHWKVRPDIVTVAKGLSGGYTPLGAVILAENVAEQFQREGLNIVGGHTFNANPLSCAVGLAVIRYIVENDLVSKCRDAGVHLMSRLRRIQVEHSIIGDVRGLGLMVGLEFVRDRETKEPYPPSIGLCHEVTREVLERGAVVYPGSGTADGVSGDHILLTPPYIITREQIDELANVLDGAIGAVESKHPPSR
32,0,MDRIIGSRSTQASVKSGVQDFFLPVGAQRPPTIESAEGIYYFDASGRRYLDASSGPVAVNIGHGNPRIHEAIANQARKAAFAFPLSFQSEANLHFTEALLALAGPGYDHVYVTSGGSEAVETCMKFARVHAVRTGQPQRRHFISLDPSYHGATLGAMSLTGDASMAALFDPIMAAGNRVPAPLTYRLPEGETAETYARTCLRALEERIAVLGAETVLGLVVEPISGLSSGANVAPDLYYAGIREICTRHDILLIYDEVLSGSGRTGKMFGFEHWPDHKPDLVALSKGISSGYFPVGAMLAPAHMVKAVAETGGFPHAQTYTTTPLACAAGAAVLKEITSNGLIDNARLMGDRLRAGLERLMAISPVVGDVRGRGLLLAIEIVQDQATKRSFPFERNAVGELGRIGMEEGIALYPRRTNGGIFGEWLMITPPIIISDTQVDELLSRLEATLKRFAA
33,1,MTYDKAELVALDKKYVWHHLTQHKNFEPAIYVKGEGMRITDIDGKTYLDAVSGGVWTVNVGYGRKEIVDAVAKQMMEMCYFANGIGNVPTIKFSEKLISKMPGMSRVYLSNSGSEANEKAFKIVRQIGQLKHGGKKTGILYRARDYHGTTIGTLSACGQFERKVQYGPFAPGFYEFPDCDVYRSKFGDCADLGVKMAKQLEEVILTVGPDELGAVIVEPMTAGGGILVPPAGYYETIREICDKYELLLIIDEVVCGLGRTGKWFGYQHFNVQPDIVTMAKGVASGYAPISCTVTTEKVFQDFVNDPADTDAYFRDISTFGGCTSGPAAALANIEIIERENLLENCTKMGDRLLEGLKGLMAKHPIIGDVRGKGLFAGIEIVKDRATKEPIAEAVANAMVGAAKQAGVLIGKTSRSFREFNNTLTLCPALIATEADIDEIVAGIDKAFTTVEQKFGL
34,0,MSSYLIKPELSSAYPVVSYAKGSYVYDQTGKKYLDGSSGAVTCNIGHGVRDVTEKLKEQLDQVSFAYRSQFTSEPAEQLAALLAQELPGDVNWSFFVNSGSEAIETAMKIAIQYWQEKKQTQKSIFLSRWSSYHGITLGALSLSGFYERRYRFTHLIERYPAISAPHIYRLNHETEEDFVQTAADELDTMIKRIGSQFIAGFVAEPIIGAAGAAITPPPGYYERLSEVCRTHDVLFIADEVMTGLGRTGRMLATEHWDTVPDIAVLGKGLGAGYAPIAAAVVSDSIIETIKQGSGVIMSGHTYSAHPYSAKAALEVLRYVLKHGLIKQSEKKGAVLKKKLDEAASQSGIIGEVRGKGLLLGIEFVADQKTKKVFPPEQAITQLIVSEAKKRGLIVYPSKAGIDSGEGDAVIIAPPFTISDGEMEELISIFSETVAAVEKNLKKD
36,1,MSLSPKQEQLFKQASKHIPGGVNSPVRAFNGVGGTPVFIEKAKGAYLYDVDGKRYVDYVGSWGPMILGHAHPDIIQAVQEAAVDGLSFGAPTVHETTLADLICEIMPSIELVRMTNSGTEATMTAIRLARGYTGRDMIVKFEGCYHGHSDSLLVKAGSGMLTMGEPTSKGVPADFAKHTVTLPYNDIEAVKACFAKYGQEIAGVIVEPVAGNMNLVKPIKGFLETIREQCDQYKSVFIIDEVMTGFRVALGGAQAYYNVKPDLTTLGKIIGAGLPVGAFGGKREIMECIAPLGGVYQAGTLSGNPLAMRAGIKMFETLRQPNFYTDLSAKLDQLLQGLQAAADEAGIPFFTQQAGGLFGLYFTDQTEISSFDHILKCDIEAFRKFFHGMLNRGVNLAPSAFEAGFISAAHSDEDIQFTIDMAKQVFAEMQA
37,1,MKNAELFERAKKVLPLGVNSPVRFFEPYPFFVKSASGAHLYDIEGTRYLDYAMGYGALLFGHAYAPIINAIKQRLDTGTLYGTPTEEEVVLAEKLSSLYPTLEMSRCVNSGTEATMHAIRLARGYTKRKSVIKFDGCFHGSHDTVLVKAGSGASTFGVPSSAGVLEELSKYTIVAQFNDVQSVERAFKEQEIAAVIVEPVMANYGLIPPSEDFLKSLRELCDQNDALLIFDEVVTGFRLSKGGAQSYYNVQADITTLGKVLGGGFPIAVYGGLREIMSRVSPSGDVYQAGTYSGNPVSVTAALKVLELLSESLYQRLREYTRELTKKIAQIAEEARITLVTNQIESMFQLFFTNKPVRNAHDVRACDTKMFKALHSALLKEGVFLPPSQFETNFVSSAHTKDELEKTTNAFQRALNKLKTQLDKTD
38,1,MNTAQSAALLERARTVIPGGVNSPVRAFTQVGGTPRFITSAKGSRLYDADGNSYIDLVNAWGPMILGHGHPDVIAAMREQLEVGMSYGAPTEAEIKLAELIISMVPNIERVRLTNSGTEACMTAVRLARAVTDRTVIVKASGCYHGHADPFLVGAGSGVLTLGIPSSPGVPHTTTSDTIVIPFNDLEAVDDVFRRYRPACIIIEPVAGNMGCIPPDAGYLEGLRERCDSWQTLLIFDEVMTGFRLAPGGAQECFGVMADIVVFGKVIGGGMPIGAIAGRAEILDRLAPVGDVYQAGTLSGNPLATACGITTLSTLQQQPQIYSRLAQQTAALARGIEDTLQWHNIPATVNRCGSMMSVHVGITEMRNLSDARRQDVEVFTSMFHHLLRHGVMLPPSAFETWFISAALTDDDVSDILSAISSWSASVRRGVTMPSAS
39,1,MGRNRSSKLFEEAQKYLPGGVNSPVRSFKAVGGSPIFLKRGQGSRVYDEDGNEFIDYVCSWGPLILGHAHPQIVEALKQAVEHGTSFGAPTELETRLAKMVCEAMPSIEMVRFVNSGTEATMSALRLARAFTNRDKIVKFAGCYHGHSDGLLAKAGSGAATLGLPDSPGVPHGYTQNTLTAPYNDLEAIKQLFERHGDIAAVIVEPVAANMGVIPPRPGFLEGLSDLTEASGALLIFDEVITGFRVAYGGAQELYGVMPDLTCLGKVIGGGLPVGAYAGRAEIMRSIAPAGPVYQAGTLSGNPLAITAGIETLRILQNGNVYAELDQKARRLEKGIATAATISGVPIRISRIGSLLTAFFTTEPVVDYESAKLADAKLFGEFFQRLLDQGIYWPASQFEAAFVSLSHSDEDIEATIAAMGKALRG
40,1,MSRNQQLFDRAQQTIPGGVNSPVRAFRSVGGTPRFITRAEGPYMWDADGQRYIDYIGSWGPMIVGHAHPEVVRAVQETAAHSFSFGAPTEAEITMAEEICKLVPSIEQVRLVSSGTEATMSALRLARGFTGRDLIIKFEGCYHGHADSLLVKAGSGLLTFADTTRNAPSSAGVPADVTRHTMVLEYNNVEQLEQAFAKHAGEIAAVIVEPVAGNMNLVRASDAFLQAMRELCTRDGAVLIFDEVMTGFRVALGGAQAHYGIRPDMTCLGKVIGGGMPAAAFGGRRDIMASLAPLGGVYQAGTLSGNPLAVAAGLTTLKLIQAPGFYDRLAAQTRKLADGLAEAARAAGVPFSADAVGGMFGLYFRDGVPASFAEVTQSDTSRFNRFFHAMLDHGVYLAPSAFEAGFVSAQHDDAILDATFDAARKAFAAA
41,0,MAVSAITGARLTLGMSLSSSTRSRTVAMAVSIDPKTDNKLTLTKSEEAFAAAKELMPGGVNSPVRAFKSVGGQPIVIDSVKGSRMWDIDGNEYIDYVGSWGPAIIGHADDQVLAALGETMKKGTSFGAPCLLENTLAELVIDAVPSIEMVRFVNSGTEACMGALRLARAYTGREKIIKFEGCYHGHADPFLVKAGSGVATLGLPDSPGVPKAATFETLTAPYNDTEAIEKLFEANKGEIAAVFLEPVVGNAGFIVPKPDFHSFLRKITKENNTLLVFDEVMTGFRLSYGGAQEYFGITPDITTLGKIIGGGLPVGAYGGRRDIMEKVAPAGPMYQAGTLSGNPLAMTAGIETLQRIKEPGTYEYLDKITGELVEGIIEAGKRAGHAICGGHIRGMFGFFFTEGPVYNFADAKKSDTAKFARFFWGMLAEGVYLAPSQFEAGFTSLAHTSDDIKKTIAAAEKVFREI
42,1,MTNKKAFKETCKFIAGGVNSPVRAFANVQSEPKFISHGKGAYIFDIDGNSYIDYVQSWGPLLFGHCDKDIQKACQKALHKGSSFGAPTLLETELAKLVLSDFPHLEKIRFVSSGTEATMSAIRLARGFTKKDKILKFEGCYHGHSDSLLVSAGSGAATFNSPSSLGVLEDVAKHTLVAKYNDINSVKELFEKNKDIACVIIEPIAGNMGLVPAKQDFLEELAKICKNNQTLLIFDEVMSGYRASYLGSYGINHIQADIITFGKVIGGGLPAAAFASRAEIMDILSPLGGVYQAGTLSGNPLAMAAGIASLTKAKKKTKLYDKLGKLAKKLTQGMKKLADEKGLPLQACHVGSMFGYFFTKDPVSNYQDALKSDLALFSKFHKNMLENGIYLAPSQFETGFICSKMDDKIIDTTLEAVRESFKRI
43,0,MDDGRRTLEPGELAARDRTCVWHPYTQHRTEATPLEVVGARGSLLRLADGREIVDGISSWWTCLHGHGHPRLVEALAAQARELDHVIFAGATHEPGVRLAEQLTAIAPGPLTRVFFSDNGSSAVEIALKMAFQHHLQRGESERRVFVTLEGGYHGDTFGAMSVGDPDPFFEPFRPLLFDVRRVPADADAIEAALEDLGPRAAGVLMEPLVQGAGGMAMHGAELVRSARASATRHGVPLIADEVMTGFGRTGELFACAKAGVEPDLLCLAKGLTGGMMPLAVTLAREELFESFLSDTRARAFFHGHSFTGHALGCAVALASLEVVRDEGTPAKLERIGAAIEARLIDALPEEIERPRRTGGIVAFDLPVTSGASGYLSELGPLLRQVAIDRGVLLRPLGNVVYALPPASLSDDEVEGVVGALVASAESALGSSRRST
44,0,MLRDDSLYFFMTQLINRLDRQYLWHPFTPYDRWFDPSYEPLVLERAEGCYLYDASKKKYWDGNSSIWTTTHGHRHPRLVKAIVNCLEQLDHVSFLGNTHSWAVNLGQTLVSMVSKGNPVNYRVFFSDNGSTAVEAAIKIAWQALQQRNERQRNLILCLKGSYHGDTVGAMSVSSIPFQSRFKDLLFNTLPVAAPSCFHCPWNRSLRERGGDARLTRKCSWECLEELKKNLDKNKHRLAAMIMEPRIQGASGMWMHPEGYIKEAFELVKQSGAFFIVDEVFTGMGRAGDKIAASLKENVFADIICFAKGLSGGTLPIAATLVREEIFESFKGGYTEAFLHGHSYTANPLACAAADENLKIFEEENTFHRIAILSQHLRSYAQVFWNHPLVGDVRVEGAVLAIEILRNKRNLRCDPSFDIGWTVSERAKAYGLITRPIKDVLIVVPPYCSSREDIEGMISALYQALSDILPPKKYFSSLP
45,1,MEKKDLIKWDKEYFWHPFTQMKVYREEDNVIVERGEGNYIYDIFGNKYLDGVASLWCNVHGHNHPKLNKAICDQVSKISHFTTLGASNVPAILLAKKLVEITPKNLNKVFYSEDGSEAMEIAIKIAYHYWHNKGYKEKTKFITLSEAYHGDTIGSVSVGGINIFHEKYKPLLFDVYKLPSPYLKALEIAGREKALEYETTKKLVEEVEEFVFKHHQTIAGFVLEAGVQGAAGILPFPKGYLKEVERICREYNVLMIVDEVATGFGRTGEMFACIKEGVNPDIMALGKGITGGYLPLAATLTTDEVFEAFLGEFGEAKHFYHGHTYTGNPIACNVALANIDLFEEEKTLENVRKNIDILEKRLLEFLELNHVIDVRNYGLMAGVELIKDKKTKQPYPYGERTGFKVAKAMLKRGIWVRPLGDVMVIMPPLSIKEEELNYFLDSLKESIMEVCGD
46,1,MNQYEKLIDGLGGIEEARALSYSESAKLYSAHLNPFLVLISRFLGFNKKFSRASGCYLYDEEGNRYLDFLAGFGSLNLGHEPEELIDALRQTEHLPNFLQSYLNPFAGKLAQHLSRLTENKLSRVFFCNSGAEACEAAMKLTRASTGKKVIVSAEGAYHGKTMGALSISGREKYKLPFAPLVPETVCIPYNDLQALEEILKTQSVAAFIVEPVQGEAGVIVPDSGYLKEVRKLCDQYDSLLILDEVQSGMGRTGRFFCYEYEGIMPDILTLSKSLGGGVIPLAAMLTKDKIWKRAYGKFETALLHSTTFGNNTRACACGIAAIRTIIKKDLSKNAADIGELMLLRLRELQQKYSVLKAVRGKGLMIGLTIARIKGKKSIFEGGLTLWIARQLFVKYRIITAFTLNNYDVLRIAPPLILNFDDAYYFLNSLEDVLKSAEKFAWFRLVK
47,0,MTFDLHELVNHATGQARSLHQKYMNPVFANVLELIGFAHEYTRGQGCYLTTLDGRKIFDALSGYGVFGMGRNHPTVRHAIAQALEMDLPNLVQMDCFSLSGLLAEKLIALAPGKLEHVFFTNSGTESVEGAIKFARAATGRPTILYSKGAFHGLSTGSLALNGDESFREGFGELLPGCRRVIFDELEQVEQELKTQTVAAVILEPIRGKGVFYPNNASVYPTIQRLCRENETLFIVDEIQSGLGRTGKWWACEHWNLEPDILIAAKALSGGLIPVGAILYTDDIYKKVFSRLDRCVVHSTTFGQNALAMVAGLASLHVLTEERLIERSARQGKRLLEGFQQLQNRHEFIHEVRGKGLMVGMEFGPPKSLRLKPAWALLHAAEHGLFAQAVVMQLYDRHHILTQVAGHHQEVVKLLPPFIITDEEVDRLITAFDAVLDECRKFPGPVWSVGKQLTVAAAKQRFSRKE
48,0,MISNRQLFLRHVAQTSGSSLQFEIERAEGIFFYSKSGKKYIDLVSGVSVSALGHGHPVVVSAVKEQAGRYMHTMVYGEFVQSPQVNYARWLVDRLPSSLDNVFFVNSGSEAIDGAMKLAKRYTGKGQFVAFKKAYHGGTHGALSILGDEKGRSGYLPLLPGIQHIRFNSEPDLKHIDEGVAAVIVEPIQAEAGIIEPEDDFLLRIRERCDQVGALLIMDEIQTGMGRTGKLFAFEHYSVVPDIICLAKSFGGGMPLGAFISSKEVMSKLTFDPPLGHITTFGGHPVSCAAGLAVQRVVEEDHLMAHAMQMEKRYRHGLQHPLIKSIRGRGLFLAVVLDEEVDVSRFISNAFENQMVIDQFLFSDNSFRIAPPLIITKEEVDDSVQRILATLNWGMK
49,1,MGMSHDPFTLFERHINPGLAGLLRFTGLDRIESHAEGPYVWDTTGKRYLDFLGLYGTLNLGHRHPKVVEAVKAQLERMPMSVRVLVSEPTARLAAKLAEITPEGLEMVFFGNSGAEAVEAAIKLARAYTGKPGIVTTHGGFHGKTMGALSLTPKPEYQDPAKPLLPGVKAVPYGDLEALEGAIDEETAAVIVEPIQGEGGIRVPPDGYLKGVREITREKGVLMIADEVQTGLGRTGKLFGVDWEEVAPDLMTLAKALGGGVMPIGACVGRREVFEIFKQNPLFHSSTFGGNPLAAAAALAAIEVTLEENLPQRALEMGSYLMAGLKELKAQYPRLIEDVRGRGLMLGVEFTDADIGALVVAELAERGVITAFGLNNPKVVRLEPPLIIGKEHVDEALSAFSESLKATKKALEGLLG
50,1,MGSKSKLWTEMYDKYVVHTYSTLPVILNDTKSKGVEIWDMDGKKYLDFWAGYSALNLGHHHPETWKVLRNSGLVTRACYDRYLALLGKTISELVGFDAMILPKNSGAEGVESAIKTARMWAYRTGMVSRNQSEIIVMNHNFHGRTITVISFSSEKQYKNDFGPHTPGFIPVDYGDVKNIKKAITSNTIAVLMEPMQGEGGIIIPPVSYLNDVRALCDKHKILLILDEIQTGLGRTGKMFCYEHNGIKPDLLILGKSLCGGTPAILSLVVGRRDIMELWQPGDDGSTFGGNSAAAAVALETFNVLEKENLIKNSAELGEYFKNQLKEIKNPLIKEVRGKGLFIGIEFFPEAGGARKYVNKLIEKGILCKEAHEHVLRISPPLTIGKEHIDFFIEKFKEVLGG
51,0,MLDLYEHTDKYSSKNYSPLKLALAKGRGAKVWDIEDNCYIDCISGFSVVNQGHCHPKIIKALQEQSQRITMVSRALYSDNLGKWEEKICKLANKENVLPMNTGTEAVETAIKMARKWGADIKNIDESSSEIIAMNGNFHGRTLGSLSLSSQDSYKKGFGPLLNNIHYADFGDIEQLKKLINNQTTAIILEPIQGEGGVNIPPTHFIQEVRQLCNEYNVLLIADEIQVGLGRTGKMFAMEWENTEPDIYLLGKSLGGGLYPISAVLANQDVMSVLTPGTHGSTFGGNPLACAVSMAALDVLNEEHLVQNALDLGDRLLKHLQQIESELIVEVRGRGLFIGIELNVAAQDYCEQMINKGVLCKETQGNIIRIAPPLVIDKDEIDEVIRVITEVLEK
52,1,MTSNGTNGSATAYHASSTQEAIQAENDFAAHNYHPLPVVFARAQGTSVWDPEGRHYLDFLSAYSAVNQGHCHPKLVAALVDQASRLTLSSRAFYNDVFPKFAEMVTKYFGFDMVLPMNTGAEAVETGIKIARKWGYKVKGIPENEAIILSAENNFHGRTMAAISLSSDPESRENYGPYVPNIGCTIPGTEKPITYNDKAALREAFEKAGSNLAAFLVEPIQGEAGIIVPDDDYLQLARSLCDQHNVLLICDEIQTGIARTGKLLCHEWSGIKPDMVLLGKAISGGMYPVSCVLGRKDVMLTVEPGTHGSTYGGNPLACAVAIRALEVVQEENMVERAEKLGQAFRSGLEAIQNPIIQTVRGKGLLNAIVIDESKTNGHTAWDLCMLMKEKGLLAKPTHQNIIRLAPPLVITEEEIAKALEIIKAAVAELPNLKGAAEDKVVPPPEKKVKITLEN
53,1,MKFDKSLENYNNALEVIPMGTSTFSRNPNFFVIGSSPLYIKEAKGCRIYDLDGNEFLDYAMALSIILLGYSNPEVNAAAKSAIDDGLIYTLSCQEESVLAKKIIEIVPCAEMVRFVKNGSDSCEAAIKLARNYTKKLKIITVSGYHGFHDWFTSSTPRNKGIPQLMSEWIISHNYNDLESIEKTIKEQSSDIAALIMEPIINYEPKKGFLEKIRKLTEDNNIVLIFDEMKTGFRLDVGGGQKYFNVIPDLAIFGKALANGFPLSALAGKKHLMKQLEDEKCFFSASYATEKASLAAGIKTLAIIQRDGVISHVWKMGAMLKDGIRKIIDKYELNSILDIVGLAPMTHLIIFPDKDFSVNEIRSYLQQESVKRGVLFVGYHHASFAHQSKDIEYTLQVYDEVFGLLKDALLSCSLRNKIEGKPISAFSLRD
54,1,MKKKIKYLRELLEYIPSGAQTLSKNPSQYVIGVSPLAIRKAKGAYVWDIDGHKYLDMILGLGPMIFGYANEKIDEAVKKQLDKGTIYSLPSEYELKLAKLLREVVPCAEMSRFVLSGNEATSGAVRLARHITGRDHVAKCGYHGCQDWSICTKEGRNTGVPEIMKTMTHDFDYNDAESLEKIFKKYRGKIAAVILEPVSSERPVNKFLQKVKQITKKHGAILIFDEMVTGFRWALGGAQEYFGVIPDIACFSKAVSNGYPVSIISGKAKYMKKMDEIFVSMTFAGFVPGLVAAIEVIKMMKRNPKVHEYMHKLGEHLIERGNMITGKYALPFQFIGYGPHPVMKINIKDDYLNRLVKTFIYQEMNKAGILFGTSLLIGYVHEKSEIDLVMDVFDSICRKIKEAGDFKNLEKSVEGEVVVPRTVRKIQ
55,0,MDKLGMENGIQNSELYWQRASSLIPCGTQCLSKGPTQFIDGYAPKYLASGNGCVVTDVDGNRLIDYGMGLGAVSLGYQYPSVNSAIINQLNEAITLTLMHPLEVEVSELIREVVPCAESVRFGKNGSDVTSAAVRLARAYTRKDIILCGGYHGWHDWYVITTERSVGIPPVLEGLTKKFTYNDINSLKILMNKYKGRVAAVIMEPVGVIHPQPHFLADVKQLAHDNGALLIFDEVLTGFRIALGGAQQHYGVTPDLATFGKAVANGMPLSVLAGKAEIMSELENVFFSFTFGGEMLSLAAAKATIEEMKAHHTVDHVNAMGKRLMEQGNTIIEQYGLSERIGIQGPHAKTLFVYSEAPDTLLIKSFLQQEMMRRGILFTSYNYVSYSHKEEQIQYTLDALNDALSELSKAMKQNNLVERLEGKAVAPVFRKA
56,0,MLEEQHRYAQSLKQLVRAEKVIPLGAQTVSKSRLTLPPGIAPLYATHAAGCRIWDVDGNEYIDLVSGLAAVNIGYGDLEIGAAVVAQVSQGVTISLAHPIEAEVAELIVELVPSAEMVRFGKNGSDATSAAIRVARGFTGRDHVIVCGYHGWHDWYIGSVPSRSLGVPLDVVALAHSVPFNDLDAMEAELKRNSTAAIIMEVMTLEWPAEGYLEGVRELATKFGAVLVFDEMVTGFRFANGGAQEYFGVTPDLSTFGKGMANGYPLSAIVGRRDLMLVLEKAFFTGTFGGELLSLSAAKVVLERIKNTDVIASIAKKGERLTEMVNAVIERTGASDVVSLQGHPAWMFLVWNPDLGDAMSDLKILFMQEMSKRGVLMIATHNVMDAHDDDALDAIALAYEETLPIILGAIAKGNAHELLQAVVGEMGPRVR
57,0,MELAAYLDQQSQSKRLYDRALAVMPGGNSRHTIVMEPYPVYAQSGHGCRVTDVEGEERIDFINNYTALIRGHSDPDVTAAVSKVIHKGTAFSLPTEYDIQLAELLVDRIPAAEQVRFCNSGSEAVLLAIRAARAYTGRSKIAKFEGCYHGIYDYAQASDSSRPGNWGALDSPQTTLETSMVPNLGKDVVTLPWNRPEICAQLIEDCADELAAVLIDPLPAALGLLSPVEGFLETLRELTRELGVVLIFDEVMSFRIDYRGAGHANGITPDLMSMGKIIGGGFPVGAVAGSTAIMSVFDHRPGEKVHHGGTYNGNPVTMAAGYETMRLMTQNEYIRLGELGDTLRANLSEMLKRRGVQHQVAGRGSMFCLLLSAHQPVDFRELIKCRESGPELTGLDREMLSHGILLGSRGLFGVLSTPMGEAEIDQFIDALDQSLKALRVY
58,0,MGSHLFDVDGRRFIDLNCNFTTLIHGHAFAPVVEALTNQLQRGSCFANPTESEIELAELLCGRIPEVDRGRFVNTGTEAVLFAIKAARAFTGRSKIAKFEGAYHGAYDWVEVSRSAKPDNWGDHMAPKSTAFYRGMPASVLDEVVVLRFNDVEGVHRLMSLHVHELAAVVLDPVPSRAGLVAPKPQFISAVQESARTNGILVVADEVLNLRQSFEGAFPRYGLVPDLLAMGKIIGGGLPIGAIGGRADIMKVFDASAGRPLLPQGGTFSANPLSMTAGLASMRHLDRADFAHLEILGDIVRKGIGRAITKRSAPLCVTGAASLFRIHPLAQAPNDYREIYPTPAGATLMNGLTRFFCGERHNPAA
59,1,MAETNSELERYLQSTPKSKGLWEEAKNYLPGGDSRNSIFWAPYPVFVDHASGCHVVDSDGVDRLDFIGTMTTLILGHSPKPVVDAVQAQMEQGVVYNAPNSHQIRLAKLLCERIPSFDLVRFTNSGTEATLNTIRAARAVTGKSKIAKVEGGYHGSHDQVSVSVRVNPAKAGERSRPDALAATEGLGEGTLDQVVVLPFNETETARKILEESKDQLAAVIIEPMLGSVGMLPATSEFLAMLREFTADNGIILIFDEVISYRASMGGAQEYYGITPDMTSLGKIIGGGFSIGAFGGRKDIMDLYDPTASGGPRVAHAGTFNANPVAMLAGSATLEQLTPEVYRKLAELTEYLRAGILKVGAELETPVQVTGLGSLFGIHFTGEELVGYRDIATEDAAFRHQVFLGLLNEGILMASNLVGAVSTEIGEAEIDAFTAALRRVLERALTPAG
60,0,MATPCLTKMTRSAGTTSEPVSRNRSGSRSCSTLFISSWKTVRSQEVEGVHWTSPESRSRALYERARHIFPGANTRQQVWMAPYPPYLVSGRGPSVTDADGNRYLDLTGNLGVLIHGHAHPLITAAIADQIGRGTCFALPTEAELRLGGLLCGRVPGFERLRFTNTGSEAVAVALRAARAFTGRSRIARLEGVYHGSDDVAAVSSSSTPANWGEEPASTARYPGMPPAILEQVRVLPANDIATTQRLLAAEGDSLAAILVDPVPARCGFEPLRGDYLALLREASRRHGALLIFDEVIAFRLGFSGAQGRLGIDPDLTALGKIIGGGMPIGAVAGREDVMAVFGNEREAARVPTSGTFTANPVSMVAGEAAMSLLDMTAFEHLERLGDFVRAGVRGVIGQVGVPAQVTGVGSLFLLHPHDRPILDYRSYHRSPAETEVMARLHRHLLEQRVLLTPAGSGFLASVMHPEDLEPFLAALPKALEIAFDHPLTRSTT
61,0,MIDHTLWLPYTQMQTTSTPIEIVASEEEYLITKQGTKLIDAIGSWWTSCYGYNHPAIVAAIQSQAETLPHVMLGGIVHPQAQRLAHRLKALLPADLNHVFFANTGSEAVEISMKMAIQYWLNQGQTRTQFVCFEQGYHGDTFYAMSVCDPVEGMHHIFKNALPKQLHTPIPRSKENLETFKTWLRLHKNQIAGVIIEPLVQGAGGMKMHTPQVLKEIDTVCKELDLLLIADEIFTGFGRTGSLFAINQAHVVPDIICLSKALTGGTLPLAAVIARTPIYEAFLSDNPEAALMHGPTYMGNAMACAAANAVLDLFSTEAWQENVQKIQTQLQNALVPLSNSAKVKEVRVLGAIGVVELQQNVAHDKAWFVKRFLESGIWLRPFGNIIYTTPCFNMRSINLQRITEAICKHIHDWKT
62,1,MENPSLRELDHRNIWHPYAAPGVRNRLVTKTDGVFLTLEDGSTVIDAMSSWWSAIHGHGHPRLKAAAQKQIDTMSHVMFGGLTHEPAIKLTHKLLNLTGNSFDHVFYSDSGSVSVEVAIKMALQASKGQGHPERTKLLTWRSGYHGDTFTAMSVCDPENGMHSLWKGTLPEQIFAPAPPVRGSSPQAISEYLRSMELLIDETVSAIIIEPIVQGAGGMRFHDVALIEGVATLCKKHDRFLIVDEIATGFGRTGELFATLSNGLQPDIMCVGKALTGGFMSFAATLCTDKVAQLISTPNGGGALMHGPTFMANPLACAVSHASLEIIETGMWQKQVKRIEAELIAGLSPLQHLPGVADVRVLGAIGVIEMEQNVNVEEATQAALDHGVWIRPFGRLLYVMPPYITTSEQCAQICTALHAAVKGK
63,1,MDKDEVLATCMKHNFWTWSAQNHAHPIAVERAEGVYFWDMDGKRYLDFNSMVMCANVGHGEPRIRQAMIEQIETLTFAGPHMATLPRARICQKLLEIVPAGLEKFLFTLGGADANENAVKLARGYTGKFKILSQYRSYHGATFGALALTGDPRRTSWEPGVMPGVVHFSGPYRYRSALHASGEVISDEQLCRDYLHHLENIIRFEGPETIAGILMESVTGTNGVLIPPDGYLAGVRALCDRYHICLILDEVMAGFGRTGKWFACQHWGVTPDIMTMAKGLTGAYAPLGAVAMKAEVAAAYNEKVYQGGLTFNGHPVSLAAAIATIQMMQDDHIVDRAAQTGQVFAQELKQLMEKHPCIGEARSIGLFGAIELVKNRSSREPLADYNASSPTIKTLVNDLESAGLYIHAHWNVLLLIPPLIIRPEELREGFALIDKALTKVDHEIVKLNM
64,1,MSDVIETQRERVFYTWTAQKKAAPLEITGGKGARFQTADGEWWWDLGSTTWNANLGHGHPGMQQAMAEAGQRGLVASPTAAFPDKARAGQLLAEITPPGLNKSFLCLSGAEANENALKMARMVTGRNKVVARTRSYHGATLAMLSLSGDPRRELFEPGLPGIVRFTDPYCYRCKFDLDPNTCSRECAQDLETSLLEAGPETVAAVFVEGVTGANGVFPPPPGYFKRLREICDRYGIMLICDEVLSGFGRTGKWFAIDHEGVVPDMITCAKGLTGGYAPGGAVIVSDKIADYFEDHTLFCGLTTYAHPMVCSAICAAIDCYRKDEVIEKVAHKGDHLQRLLKQLQSTRPLIGNVRGIGLLWALELIEGAKTPVAPEKMDALYAALKKRRVYTFRRDNFIYLAPPLVIETHELDEVVGLMQQSLDEVFA
65,0,MIDLKSIPMTKTDLDRYEVEHVFHSWSYQPAVSPKRIVSSKGVRFTDDAGRQFLDFSSCFVSHNIGHQDPRVVDALTEQAKTLCSFAPNFSTKPRAQLAKMVAEITPGDLSRTFFCLSGTEANEAAIKICHQYTGRRKIVARYGSYHGGTGTSMTLSAGDPRSWQQVPGGAERVSVPLPYCYRCMFGQKYPACDLQCVKYVDRVIEFEGGGEKVAGILFEPVTGANGIIVPPAEYFPMLRQICDRWGVLMIADEVMTGFGRTGKWFAMDHWNVVPDIMTMAKGITAAYMPLGAAVARKHIGDRFKEQFFSHGATYAGHALACATAIRVIQIYQEDGLIENAAKMGEYLLSKANELKEKHPSVGDVRGLGLFVGLELVKNKKTREPLIPVAAKIRPGSNPKVEVGKRLVELGMIAMAANPSNIVAMAPPLIVKKDEIDEGIAIMDKALEVADASAEK
66,0,MSDDIVELTTKHTYGTWRAQRGWKPIHVTRAEGCAFWDASGKRYLDLSSQLICSNLGHQNEAVIEAICAQARQLAYISPAHTCEVRARVAQKLLEVMPKGLDKFFFATSGTEANEAAFKMARLYTGKHKIIARYTSYHGSTAGSVAATGDFRRWFIEPAGKIPGVVFGPEVNCYRCPLGRSHPECGVACADYLAYMIDHEENVAAVIVEPVVGTNGVLIPPADYLPKIAEVARKRGVLLIADEVMSGWGRTGKWFAVDHWGVVPDILTTAKGVTNAAAPLGVVATSRAIADYFDDNMFAHGHTYEAHPLTLAPVIAAIDEYRRLDLLDRATKMGDVVGAKLRALKEKHPSIGDVRGIGLFWAVELVKDRATKEPFNVPQDKAARRPLVVDAVVAEAAKRGVSLMGWVSHLLVAPPLIISEAEIDEGIAALDAALDVADQRLSG
67,0,MPADLAARTSSKIFNGVDLMDASARADNAFYLDRQERRESNARSYPRRFPVALKSASGCIVTDVDGRSYLDCLAGAGTLALGHNHPEVIETLQQVLGSGLPLHTLDLTTPVKDRFVSDIFGTLPAGLRDEAKIQFCSPSGTDAVEAAIKLAKTATGRTDLVSFRGAYHGMSQGSLSLMGSLGPKASVGQLVPGAHFFPYPYAYRCPFGRGGNETATLAAEYFERALRDPEGGINRPAAVILEAVQGEGGVIPAPVEWLRAVRRVTRDLGIPLIVDEVQSGVGRTGSFYAFQKAGIIPDVVVLSKAIGGGLPLAVVIYREDLDLWKPGAHAGTFRGNQLAMAAGSKTLEIIERERLVERAAIAGRRLRANLERIAAQTPYIGEVRGEGLMLGVEVVDPEGLPDALGHPPHGQEIARMIQHEMFRAGIILETGGRFGSVLRLLPPLVISDAEIDQVSGALAAAFERLGRKAA
68,1,MDIFSQIESNVRGYCRAFPVVFTQARNATLFDEQGKSYIDFLGGAGTLNYGHNNPAFKQALIDYIENDGVTHGLDMHTDAKRAFLESFQQLILKPRGMNYKVQFTGPTGTNAVEAALKLARMNTGRQTIVSFTNGFHGVTQGSAAVTANSYYKNAIGMPLPGVQFMPYDGYLGDFNTLHYFEKALNDGSSGLGKPAAVIVECIQGEGGLNAASAEWMRGLQTLCRRHDMLLIVDDIQAGCGRSGTFFSFEEFDIQPDIITLSKSLGGYGLPMAIVLLKEKLDTWQPGEHNGTFRGNNHAFVTARQALETYWADGEFSNQVQHKASVLRKRLKSIQAHHGQGVHHKGRGIMQGLEFANGDIASAITEEAFKQGLVIETSGSDGQVVKVLAPLTIEEGTLEQGLSILEDCIDNVMNSSVAKAS
69,1,MPATTAAWIAARDAAADRFTTANPESAAQLAHAAEVLPGGNTRSVLYYPPFPLVMASGKGARLCDLDGHEYRDFLGEFTAGIYGHSHPVLTKALHGAIKGGMNLSSQTRGEAELARIIADRFPVFQSLRFTNSGTEANIMALIAARHFTGRSRVMVFSGAYHGGPLSFGGGASATNLPFDFIYGRYNDTVATLTTLDASDAPVAAILVEGMLGAGGCIPGDPAFLAELQRWAHANGALFILDEVMTSRLHPQGLQSALGLSPDLTVMGKYLGGGMPIGVFGGRADIMARFDPRVVGAVPHAGTFNNNVMTMQAGAVGLTQVFTEEACQSLNAQGERLRARLNAVCTAHGAPAHYTGIGSIMNLQCQPPQVTRPEQVARENAEMKDMVFFGLTERGFYTARRGLIALNLCLSEGDCDDLVAAFDDTLAEMAHLWA
70,1,MSKSQELFQQARQTMPGGISHRYRWRLPNPLYVTRAAGAHKWDADGNRYIDYKMGAASQMMGHCHPEITKALQAQAAEAIFAADCNQVEVGWSRKICNLVPSVDQVRFTASGTEATMLAIRIARAFTSRDIILRVDGHYHGWHDHVMKGAKAGSEAPPSLGVPEAVTALTDICPPDAGTLNRMLAGGTYAAVIVEASGANYGAVPMVQEILTAAQAAAQANGSLLILDEIITGFRWSPGGRQALAGVTPDLTTMAKIVTGGMPGGAVGGSAEVMAMLDPAVTTRGHTPAVLHQGTFNSAPIVSAAGTVMMDLLADGSAQAHADRIAADIRDGVNALFTKHGIEGLCYGESSTFHLWFGPHDGTMANIPAAAIRSPSPDLVKLLQNSLNRNGVDLMSAMSAVTSAAHSDDDTAQTLSAFDKTFAELAPMLDPLQPG
72,1,MKTYTYENSTALFKRAVKVIPCGVYGHFSPAPYVPVDAYPFFSDRARGARFWDVDGNEFIDYMCAYGPMVLGYKHPEVDAAFLKQHVESDANSVASPRMVELAELLVDMIPTADWAFFARNGADVTNMAVMVARSATGRKKIIAIKGGYHGTTPWMQAPGHHGILEEDLQHVIRIPWNDIKALETVIAEHGPDIAGFIATPYHHPVFADNELPADGYWQKVVELLHKNGSLVIVDDVRTGFRLHLGGSCERYGFKPDLIAFSKAIANGYALSALVGVESLRVDAAKVFHTGSFWFCAGSFAAAMACLKELQRLDGANLMQALGKRLTEGIVSLAANHGYTMKVSGELSMPYMRITDDGNVMLQQAWCSECTKRGAFFTSHHNWFLSTAHTEEDIKHTLDICDEAFKALKNSDGAQP
73,1,MANGTRQKDLRERAERVIPGGMYGHESTRLLPPEFPQFFRRALGARIWDADEQPYIDYMCAYGPNLLGYRQSEIEAAADAQRLLGDTMTGPSEIMVNLAEAFVGMVRHADWAMFCKNGSDATSTAMVLARAHTGRKTILCAKGAYHGASPWNTPHTAGILASDRVHVAYYTYNDAQSLSDAFKAHDGDIAAVFATPFRHEVFEDQALAQLEFARTARKCCDETGALLVVDDVRAGFRVARDCSWTHLGIEPDLSCWGKCFANGYPISALLGSNKARDAARDIFVTGSFWFSAVPMAAAIETLRIIRETPYLETLIASGAALRAGLEAQSQRHGLELKQTGPAQMPQIFFADDPDFRIGYAWAAACLKGGVYVHPYHNMFLSAAHTVDDVTETLEATDRAFSAVLRDFASLQPHPILMQLAGA
74,1,MPSLTTADPLLGPHSHPQLVTALKSARETFTAANPESRLAYSEATRYFPGGNTRTLLHSLPFPLTFQSAHSCYLTSVDNATYIDFCSEYTSGLFGHSHPVIKNAIEAVLTTGWNYGGLNDRERHFAKLVCERFHLDKVRFTNSGTEASMMAIAAAMNFTNRDRILVFTNGFHGSTINFPTPAPAKSIVLPLKFVVAPFNDIEGTKGIISRQPEHSLAAIFVEPVQGAGGAIPASVEFLRFLREAATASSAVYIIDETMTSRLAYHGWSYKMGIEADLMTLGKWIGGGMTFGAFGGREDIMSQFGQNTGSLAHSGTFNNNVFSMTAGLAGLQLIDESAIERVNTLGDEMRLQLQEILRRHGVYDSGTTTTEAVPRMYVRGLGSMLAVHFSGQYALIFKGLFFHHLLTHGIYIASRGFISLSIEITQDHVQRFAEAFERFVALYAAFLLVEEQAGKVNSQL
75,0,MGEAARHPDGDFSDVGNLHAQDVHQALEQHMLVDGYDLVLDLDASSGVWLVDAVTQKRYLDLFSFFASAPLGINPPSIVEDPAFMRELAVAAVNKPSNPDLYSVPYARFVKTFARVLGDPRLRRLFFVDGGALAVENALKAALDWKAQKLGLAEPDTDRLQVLHLERSFHGRSGYTMSLTNTEPSKTARFPKFGWPRISSPALQHPPAEHTGANQEAERRALEAAREAFAAADGMIACFIAEPIQGEGGDNHLSAEFLQAMQRLCHENDALFVLDEVQSGCGITGTAWAYQQLGLQPDLVAFGKKTQVCGVMGGGRIDEVPENVFAVSSRISSTWGGNLADMVRATRLLETIERTQVFDTVVQRGKYFRDGLEDLAARHPSVVTNARGRGLMCAVDLPDTRTRNEVLRLMYTEHQVIALPCGGRSLRFRPALTIAEHEIDQALQALASSVTPVAESV
76,0,MNYFEKWERSILASYSTPSIVLVKGSGVKVIDEHGKEYLDFLAGIAVNSLGHAHPAIVKAVTKQVETLGHVSNLAINKPSVDLAMKLLDLLQMPGGRIFFCNSGAEANEAAFKLARAYKPESEMVSVEGGFHGRTMGALSVTGQPEKQEPFKPLLSNVRFAKMNDATSIDSAINPKTGGIWLESIQGEAGVIPATAEFISASFRAAEHNNALIVMDEVQTGIARTGNWFGFEKFGVKPHLVPLAKGLGGGIPIGALAVQDSLVEAIKPGGHGTTFGGNPIGAAAGLAVIETIEQLDLMKHVQLAEVKIRELLENEHGVVEVRGSGLLLGVVLSGNYAKLVEENARQNGLIVNAVRPNVIRLAPPLIVTMDEIKEGMDVLRNAIIKSMEVVS
77,0,MSNQELQARYGHVMMNAFGAPKRVFVEGRGVHVRDADGREYTDLLAGLAVLGLGHAHPAVTRAVTTQLDTLGHISNLYASEPQIRLAERLAAALGDPSARVFFSNSGSEANETAFKLTRLTGRTKIVAMEGSFHGRTSAALAITHNPKYREPFEPLPGDVVFVPYGDVAALEAVVDDETAAVVLEVLQGENGVVPAPDGHVQAARRLTEAHGALLWIDEVQTGIGRCGALFAHHAEGVTPDLVTVAKGLGNGFPVGACLATGRASDFFQPGMHGTTFGGNPVAAAAGNAVLDVLEDGLLEHVTETGDWLAGEIEGLGHPLVDHVRGRGLLRGVVLTADIAPAVAESALDAGFIINAPRPGVLRLAPPLIITRDELRPFVDALPALLDRHG
78,0,MTDSPILASDKLKSDPRLQQAKQLIMDAVAQHQAELTTVRAPNPELVAGYEETLDAFGAIRNGSLYFPYLSSGIGNGPFVELGDGSVKLDFITGIGVHGYGHSHPLMVEAAVDSAVADTVMQGNLQQNHESYELVKLLTETANESGAELKHCFLTTSGAMANENSLKLAFQNNHPANRVIAFSHCFAGRTLALAQVTDKAKYRVGLPDTINVDYIPFYDEQQPERSTEIAANHLNYLIERNPGKHAALWMELIQGEGGYYPGTTEFFRTLTKVAKANKICVIADEVQTFCRTTRPYAFQHFELDKEVDVVTIGKISQVCATLFTDEYKFKPGLISQTFTGSTMGINSAIAIVKGLIENGNFGADGKNQKLHNHFVAGLKKVADKHPGTISGPHGCGGMVALTPLDGSAEAAAALAKRLFAAGLMSFMAGGNPSRLRFLMPLGCTETAHIDLACEIIDTTIGEMKQDASLAKHFA
79,1,MNAPENKRLTAEAAVDLSHWWMPFTANRQFKANPRLVSSAKGVFYKTPEGREILDATSGLWCVNAGHGREEIVAAAARQLQEMDFAPSFQFGHPIGFEFANRLIEIAPKGFDKVFYVNSGSEAVDTALKIALAYHRARGEAQRTRLIGRERGYHGVGFGGISVGGMVNNRKAFSGALLPAVDHLPHTHNLEHNAFSRGQPAWGAHLADDLERLVALHGAETIAAVIVEPVAGSTGVLLPPKGYLEKLRALCDKHGILLIFDEVITGFGRLGTPFAADRFGVKPDLFTTAKGLTNATIPMGAVFATAKVHDAFMNGPEGMIELFHGYTYSGHPVACAAGIATLDIYQREGLLTRAAKLEKEWEDAMHSLRDLPNVIDIRNIGLVGAIELSPRNGVVGARAYDAMVAAFDEGLMIRVTGDTIAMSPPLIVESAHIERIVGTLRKVLSSLK
81,0,MKNFGNRQLTKGSGQLLYKRAKQIIPGGTQLLSKRPEMFAPNIWPAYYSKAKGSKLWDLDGNEYIDMSIMGIGSNILGYADKDVDNQVLKAIKNSVSSTLNCPEEVELAELLIKIHPWADMVRYTRSGGEACAMAIRISRAATKRDKILFSGYHGWSDWYLASNLGDTDALDGQLMSGLEPRGVPRSLKNTAIPFHFNNIDELKMKSKDIKNEIAAIIVEPARGIDAPRDYLVSLKEFSNQIGAVLIFDEITSGFRMCVGGLHIKYGIEPDIAIFAKSMANGYAMAAIIGTENIMNAAQSTFISSTNWTERIGPVAAIATINKYIKNQVQDYIIKIGNQVKNIWEVSAEKYGLSINISGLPTLGSFSFNNENNQAMMTYFTIAMLDRGILGYRQFKPSYAHKKKDIDKYSMAVDQIFKILSENDISELLKSDIAHSSFARLTSE
82,1,MGKSQKLYEKAKKIIPGGTQLLSKRPEMFLPGLWPSYYSKAKGCEVWDLDGNHYYDMGIMGIGTSVLGYANPTINKAVKKGIDNGNMCTLNAPEEVELAEKLIEIHPWAGMARFAKSGGESNTIAIRIARAFSGKDKIAFCGYHGWHDWYLSSNLNDASNLDNQLLPGLSTKGVAKNLKNTSLPFEYGNIEQFKKIVENTKDELGIVIMEVQRYKPADLDFLREIRKITSKIGAVLIFDEISSAFRFNTGGQHLLYDIVPDIAVFGKALGNGFPIGAVIGKKEIMQAAQETFISSSYWTERSGYVAAVETIKFFEKNNVAEYTMKMGNYIGKELNEIFKKYDLDIEMLMGMPSAISMLIKEKDSAILKTVFIQEMLKRGYLASTTIYVSYAHKKKVVDKYLNDAKEVFKYISNNRNNLKDLLDDEVSHSGFQRLN
83,1,MKLERSHELWEEGKKYMPSGVSAGGRVNVACGMPHYIDHAEGARLYTVDNQEFIDYHGGSGASMFGHKHPRIQAALEECIEKGFLMNYDTEKTIEFAKNFTKLVPTVEKFRLLNSGTESTMAAIRIARGYTGKDIVIKLDGHFHGMHEMVWYNHNNYPPIVDGVCETVPDSAGIPHAFTDLIKVAESNNLEAVAKLVEQYKGNVAAIIIEPICFNMGCSMMKPEFVRGIREICDAEGICMIMDEVITGLRFRPGSAAGFYGVQPDITTFAKALGGGASISLVGGKAKVMDICSPGGIVGVSGTYSGNQLGVYAANACVSMALEDGFYDHIEAFGSKLFSGMEDLMKKHGLPGHVSSLGARFAIYWGYEDRETDYDLRASQKLFRRDLANAFINGALDRGLYFHSYWNANIPSHCGFSVQHTLADADITLEKMDAVMADMKKLL
84,0,MRPRLDPPPRVSGSPTSPARSSPAASPPPRASTPRFDFFLSSGATLLGHGHPAVKRAIQEALDLGIVCAQETPHAAQVARRLCELVPSAQMVRFANSGTETTWHAIRTARAYTGRTKVVKFEGHFHGYHDYLGWSAWPPLDRAGAADAPTPVPESGGIPPALRDFVIVLPWNDADALARVLRAHGDEVAAVIMEPVNYNAGTILPAPGYLETARRLTEERGVVLIFDEILSGFRTGTSCAQGYYGVTPDLTTLGKVIGGGTVLSAFAGRREVMEAVAPRGAAVHSGTFNAHLIAILAARALLDEVTKPDFYPALHALHDHFCAGLREAFKRAGVPVWVQALGARFSLLFGLSEEPKSYRQAAGYDRELAKRFYAACLDEGVYFHGGWHHGVSAMHTRADLDQALDAVGAAARRVVRG
85,1,MSNKKLEHILNCHPMMKADITKGENTYLFDSFGKKIIDFEAGIWCAALGHSHPRVNAAMIEQINKIVHLHHKLTSDIAEALAVNLLELFHFQDGRAVFLSSGSEAVELSIRLSRLILPNKKNLTFSTSYLSAFFNSGIPRNKEQWVEIDFLQCSNCPNTECTIECNLLNRIEFSNISAFILEPAMCGRVLFPPYKLVKCLEKEVKNHGGMIVANEVTTGFGRTGKWFGYNHYDVAPDIIALGKSLGNGYPISAVVMSHDVAYQVEIKNFIYAQSHQNDPLGCATANEVLNVFKEDQIIDRSIRVGEFFKDYLLEIQQTCPVVKDVRGRGLMLAVELSIENAAEWIAEKMLKKGYFIGIVPQANVLRFSPALTITKHDIISMCKDLKSLLNELKV
86,0,MNNCGISRWDDPNEINARLKALTSQPIWEVTDEYYNNVILNYFDEKCKASKAVYEESKEYIPGGVQHNLAFNKPFPMCMARADGAYLYDKDGNQYIDFLQAGGPTILGSNYPVIREKVIELLNECGPVTGLLHESELMIAKEINRHMPNVEMFRMLGSGTESVMAALRIARIATGKKRIIKVGGAYHGWSDQMVYGLKIPGSRALLESHGIPGGCYEATDEVRPNDLTMLEDMLKRNVLLGGTAGVIVEPVGPESGTRPVAHDYNAGVRALCDKYGALMIFDEVVTGFRVALSGAQGYFGVVPDLTVFGKIVAGGYPSAGGVGGTRRRAASAARRNTRSSWRPVLPQASTGRMSAAHWRPILCPASPGTQPSVRSSARTPARSREKWATACVTASRGCLTGTACRSWPITRAPSCISSARAR
87,0,MAEKLKLARSMSLFEEAKQLVPGGVAGIRRPYNFVPGEYPIFFDHGKGGRVVDVDGNEYIDFLCAYGPIIIGYREDEIDDAVINQIKNKGFCFSLTQEMQNTLVKKLRELIPCCEMAALVKTGSDATTIAIRVARGYTGKTKIARYGYHGWHDWCVEVKGGIPPKLYEDIYEFHYNDLDSLKAILEANKDDMAGIIITPIGHPNGAEVQMPKPGYLEAVRELANQYHCLLIFDEIRSGFRCSLGGAQKLFGVTPDLSTFGKAMANGYAIAALVGKEEYMQVLADKVFLSSTFFPNSDGIVAAIKTIEILERDRILDVVAAKGRKFGAEVEKVVEESGVPVNFTGAPWMPYITFKKDEAGLYKKLRTEYYTQLIRHNVFMQPYHHGYICYRHTDEDLAYTVEAIRESLAEVKKML
88,0,MTNEPMTNSKLTAEQIAELQQYIGYGAAWLGPVLVGGQGCRVTDIDGKSYLDCTSQAWTLALGYNHPEVIEAAVTQARTLAHVRAGFPTIPRLLLAKRLADLCPGRLNRVINAPTGSLAVEAALKLAMINRPGAHRFITFYHAYHGSTLATMAASWMGTQTARLGSPGRFGPGVKFLPFMQHFVRVPNPYCYRCPRRASSPDCSPECAAPLRDTIQRGVDGPVAAVLLEPIQGNGGQIPFPAAFLREVRRICDEFGILLIFDEIQTGFGRTGRMFAADLAGVTPDILVLSKSMGGGFPIAAVVADDRLKAFEPTGEDVYTFGSNPIAQAAALKVIEILERDRIPEHVARMGAILTRGLLDLQTRFPQIGDVRGPGLFIGVEIVKDPESKEPAPVEAGRIVEEAWNRGVILATASALPNVIKIKPPLIIQEAEVRLVLDVLADCLKLVFPRP
89,1,MPGRQSNLRAVAEPAVFIERAQGQRMWDVDGRELVDFAIGMGPGIWGHGNERYERAVQEQMSRVFVVASGMLQTEQEVQLAEKVVQHVPCADRVRFVTTGSEAVQMAIRVARAFTGRKYFVRFDGHYHGWIDNVLGGMSDPEPHGVPFAIENDRDPMYTEGKSHLTLQESIKIPWNDVDALKQLLAEHGRDIALILMEGVMTNGGCVLPRPGYLEAARELCTKYGVLLCIDEVITGFRMGLSGAQGHYGVTPDLATFGKAIAGGMPLAALAGREHIFELIKSNRVVGAGTFNAAPMSMAGGVITMQMLEEDDGAAYQRIDRMQQHFMREFKSCADRHGHPALVQGVRGVFCVHFTDMAVAYSHAELRAKADADKARRFRKALLDRGVYAGRGDRYFVSAGMTEQDLQMGLDRIDDALSSL
90,0,MSTALAPSPVYRANRTRLTELNQRELERFAARTGKSKALLDRARKVMPAGTPMSWMAGYYMHPQLYVAGGEGARFFDVDGNAYVDMNVADLSATLGYGIPAVEEAMVRQFRNGAHYLLPTEDAVEAADSLGRLMGLPFWQFTLAASGANTEIMRIARHITGRRKLIVFEGKYHGHIEETLVKFDGERVVPEYQGLSGRRPEDTIILPFNDLDAVAAALESREVALVLTEPALTNCSLVLPDPGYLGGLRRITAETGTMLCIDESHTFSFAYGGLTRLWKLESDFITLGKGFGSGLAFAAYGMTDAIGDHVEKHLDILHRRPGIGLGGTLYGNALSMACARAVLEDVLTEDAFNRTSALGSRMADGIDAICRDLDLPCRAFRIGPRSGLCLAPELPRNYAEARLSMDLDMLDARRVFMANRGYWDCIVSAGPQASFAHGKEDIDGYVDLMHEFMNNIR
91,0,MIKLDKERLYQDLKEKYIRKHKKSEAFFRQAKQRQVRGGSHNLRLNVPFPFYDVRCQGSRVTDVDGNSYVDFWQGHFANVLGHNPKFIREALHDYLQNGEGLVTGFPGQYQIQLAELITQQTGAERIRFTTSGTLASMYSIILSKAFTQRELVLKIKGGWHGAQPYVLKGITSLSGGQELMESAGLSQHIDSSIILTRFNDTDDLEEKFRLYGDRLACLIIEPFVGAGGFIFGHREYIKRARELTHQYGALLIFDEVVSGFRFHAGGLQSVYGINPDLSIFGKAIGGGMPVSAVAGREDVLMLCDSEAPLRSRVKFDGGTFSALPASMYAGTLYLKYLIDYADKIYIQIGQLGNKARNQIEQIFKNQGFNVLCTGLDAEVIPESSLVGVHFLHESADRITSPEQVWDTDKCDTEMREKILRLAMINEGFNIFHGYGGISYAHTDEEIQASLDAIDRIARFFLKFKK
92,0,MTGSGLVRPAPVAAGKRTRYPVWESLIPPSQYGSPERHAVGARGTRVRFADGRWALCATSGLWNVNLGYGNQAIADAVARSLAEASYLTLFRGGHSLAVRAARALLELCGPDHFGRVLFSTSGGAANDVVMKLVRHHQALLGDERRRVVVGLRGSYHGLTYGSFGLTGEDLGQRTYGVDQRAVRHVSHEDETELAALLAREGHRIAAVVLEPVLGSGAHPVSPRLIAALGPLRERHGFLLVADEVATGFGRTGELFASQSWPVRPDVLITSKGLTNGTCAASAIVVSHDVCEVFERADSVLVHGETQAGSPSSCAAVLATIEELARLDGCAKARENSVRLDGLLDRLSAHPLVRGHRGTGCFRAIELTGRSAEVVAAARAAGLIVQPGPDCVQLVPALTYTAEDFEELETLLIRALDEVAG
93,0,MKTALVSFLPRTFTCILTTFEAMLYTGVKLSTFVYAKNGANMGQTQTASTIETTATTPRELLSKHRLTAEEAEQIEAAEYLFPGGALGGNALSEDAKFVFSRGCGSKFWDTSGNEYIDYVLGSGTFFLGHAHPLIQNAISEQASRGTHFFAYLNEQAIQFATRLKPIIRCCERMRFTTSGSDSTFHAIRLARGFTGRDKILKFEGAYHGAHDYAQISTTPRNPLEFPSGTPDTAGMPLAVSDLTFVAPYNDARALESILKEHASEIAAVIIEPIQRIIRPRNGFLQKVRELCTRFDVPMILDEVVTGFRYGLGGAQDYYDVVPDLATYGKIIGGGLPVGLIAGRADIMDQADPSNKGKEGYVYQNGTLQGHMLGCVAGMATLDVLSEDQIYKKTFERAERLREGLRRVFTDNKMGILVFGEGPMWHMLFTEKEPENWRDILAADGAKLAKMEPELLRQGLFVLPGNRRFISIQHDEDDLEATFEAADRACKALKA
94,0,MRLLTLEEALDWSAVDYLEAYRRHVNPGLHRIYRSLGMNELDVVRAQGTKLHLRGGRVITDFTSAGGILNLGHNHPRIVAAERRCLDNQVVDALKIAPHRLQAALAENLARLLPGPLGTAFFAVSGAEANEAAMKLCERAQPGRTRFITTEGGYHGKTHGALSVTRSEDFGDGFLVGLPADAVTTVPYGNAGAVETALMAGDGEVIAMILEPVQGQGLLVPPAGYVADVVRICHDHGALVIADEVKVGLGRLGSLFGFQRDGAVPDVVTISKALGGGRRAMAAMVTSEELFVRAYGVGRKAALHSTTFGGLGASCAIAIEALNVIVDDRLSERAAELGAFVREQLDELAARHGSIVRGIRGVGLFQGIHFDFTPVSSALRKRKKLAGLKGSLDSLCMVAIVRALVDDHDIVAGFSSSDPDILQVLPPLVVTRDELAAFVDAIDVILTRGLRKVVADFAVKNLKELM
95,1,MKMLDVYYMYPIALKNGKGLELLDENNKKYLDFYGGHGVISIGHSHPDFVEAVTQQLNALAFYSNAFQNPLQNELAELLGHQSGYHGYHLFLSNSGAEANENALKAASMITGRKKILAVKGAFHGRSAGAVAVTDNVKIRAAFGSQLEVDFIPIDSLTGLYNQLITKEYAAFIIEGIQGVNGVWEADSEYWKLARLLCTQTGTVFIADEIQSGYGRTGEFFAHQHYGVVADIITTGKGMGNGFPVAGTLFHPSLKLGQGMLGTTFGGGQLACASAIAVLKVIENEQLLSHARQMGEFLLKKVNELPLVTAVRGRGLMIGINFSISGKRVRQLLLDDFGIITGFSDPDTLRILPPLTLTLEDCERLIEALRKTLTKEMLTSKEQKAGTLQT
96,1,MDYPFYFTWSKQNTDQFIHFKSGSGNTFTTEDGKVITDLCSLTFHAAFGLDDSLIKDKIKAQLDQLPLAFSKAVYPLKENVSKRLVDFIGIPGKIFYTVSGAEAVENALKMARFLKQGNIILSRKSAYHGATLGALSITDDWRVKDHFRIEDQTIHIPEPNEDPSGVKTRELIEKIGPKNIAAFCLEPFTITRENEAPIPPKSWWESIQKLCLEYNIFLIIDEVTCGFYRTGKPFGLQHFDIKPDMICMAKSISGGMIPLGALWTNSKIAKIFDDKVLSFGLTHAAHPLGLAALEGVLDHLTDESFVQNIKKLEQVMIAKMRDFNKLKIVSKTTSLGPLASIKINSNMNWKDFINKGINLYRPKNRIILAPALTYSPEELKKALNKLEEILND
97,0,MSIPKATARTEELLKIDSAHIVHPYAVVGENTGIIFESTHDRIYLVDTNGKEYIDLNAGLMCCNLGHGQKELQDAIVEAIRKTDYTTSFYGFSNPYTIECARLLSEITPGDLDHFFFVSGGSEAIDSAIKIARLYWHHKGNDRKQKIICLYNSYHGELGISTYLTRMGQGAPQRGFGAEPGGFIRIPGYYCYRCPFGNKYPDCGVLCARLLKTVIESEGADSIAAFLVEPIQGSGGVIDPPPDYLPMVRKTCADNEILLITDEVMSGFARTGKMFAVEHYDVVPDIMTLAKGITSAYIPFGAVALNDEIFEALKGQLFMHGMTYTGHPIASAASVAALRLYKKLRVTENAAKVGDHIRQRLENEFLPLPCVGNIGGKGMFQAIELVNDKESKAVIDTDVKIELWRKMLDRGVYGRITGALLNRMFITPPCTITIEEVDKALDVVLELLAKLKSK
98,1,MLTASHPYDALMEITARPRTVFVQGKGSWLWDDGGKRYLDFIQGWAVNTLGHAPPELAKALADQAARLITPSPACFNDTSLQLAKALTERSCFDQVFFANSGAEANEGAIKLARKYGALRKNGAYEIITFEGGFHGRTLATMSASGKKAFEPLFEPKVPGFPKARLNDIASVEALVSDSTVAIMLEPIQGEAGVWPATDKFLQQLQTLTTRHGLLLIVDEIQTGMGRTGKLFGYEHADVLPDIMTLGKGIGGGVPLAALLATSEASCFEHGDQGGTFNGNPLMCAAGLAILDIVAKPEFLKAVTDNGLYLESELQRLSARHGLGQVRGHGLLLALDVVRPIAPSIVAHAFELGLLLNAPRPDTLRFMPALNVTRDEIAAMIEMLDGILTKTGAARCVA
99,1,MAFADYPVQSLMYITNRPEIVFTEGKGSWLTDHNGKRYLDFVQGWAVNCLGHSNDGMIEALNAQAKKLINPSPAFYNEPMAKLAGLLSAHSCFDKVFFANSGAEANEGAIKLARKWGKKHKSGAGKNRFEIITFDHSFHGRTLATMSASGKAGWDTIFAPQVPGFPKAILNDIASVEALITDETVGVMLEPVQGEGGVLPATQEFMQQLRALTRKHKLLLIVDEVQAGCGRCGTLFAYQLSNIEPDIMTLGKGIGGGVPLSALLCTDEVASFEAGDQGGTYNGNPLMTAVGCSVIEQLLAPGFLAGVQERGAYLRAQLLELSEAFGLAGERGEGLLRALLLGKDIGGQLVEAAREMNPTGLLLNAPRPNILRFMPALNVTTDEIDTMIGMLRTLLKAHG
100,0,MTGESSSVWPLLTRFQDQGGDENCAVAASGVHVTFADGSRKLCATSGMWNTNLGYGNELIAEAAKEALLSASYLTIWGHDNIYARRAAKALVDLAGPDVYRRVLFSTSGGAANDAAMKIVRHTQSLRGREEACVILGMKGGYHGLTFGSFALSDVALGARMYGVDRRMIGHIPPNDPETLAKVMEELGSRVAGVFVEPVIGNGSIPLEAEFIKVLCEWRDRMGFLLVADEIATGFGRAGPGMFASQSWPTRPDVMLTAKAMTNGTQAASAVLISKDISDLFRDRDAVLAHAETQAGTPVVGASILATIAEFERLQGIARSMDLSDRLRARLERFVANNEMANGVIGQGCMQALTLCGLDGARLDAASVERVAADVFAAGALVHPGPSSLLIMPALTYSEADLDELEARLSEGLSRSRARIAA
102,0,MESTPALAAPQPNYLIAPSRHGHALKPSSFFPEKRHPSAASLRLQKNPLTFCGVLQQPASPLTCNATLSDTYSSEVNELADIDWENLGFGLLSTDYMYTMKCGRDGNFSKGELRRFGNIELSPSAGVLNYGQGLFEGLKAYRKHDGNILLFRPEENALRMRMGAERMCMPAPTVEQFVEAVKATVLANRRWIPPNGKGSLYIRPLLMGSGAVLGLAPSPEYTFLIYVSPVGNYFKEGVAPIHLVVEHELHRATPGGTGGVKTIGNYAAVLKAQSAAKAKGFSDVLYLDCVHKKYLEEVSSCNIFVVKGNVISTPAIKGTILPGITRKSIIDVARSEGFQVEERLVAVEELLDADEVFCTGTAVVVSPVGSITYRGKRVTYVEGGFGVVAQQLYSVLTRLQMGLIDDKMNWTVDLR
103,1,MATNFPPPPVNTIDWDNVGFRVREVNGHIESYYSMRTGKWTTPKFVQDPYLRIHGMAPGLNYGQQCYEGLKAFRGPDDMTINIFRPDQNAERMQHSASFISIPQVPIEHFNKCVHLAVSLNAEFVPPHRTGAAMYIRPLLLGSSAQLGLNPPEEYTFLVYVLPTGVYHGTHPVAALILEDFDRAAPEGTGSAKIGGNYAPVLRHSEKARNEGFGITLHLDSRTRTEIDEFSTSGFIGIHGSPSGPSGCTIVVPDSKNVIKSVTSDSVCQIAKSWGWKVEKRSIKYEELPSFSEVLAAGTAAALVPIKSISMRSRGVKFEYQGGGDEPGPAAVQLLAELKGIQQGKKKDRFGWCQAVREYKDGEYELDSTNATTNGQIPGKLP
104,1,MTSGLLEFTVERASNPASDAERDSILADPGFGTFFTDHMVSVDYDEGQGWHDARVIPYGPIQLDPSAIVLHYAQEVFEGLKAYRWADGSIVSFRPDANAARMRASARRIAIPELPDGLFLESLRQLVAVDNAWVPKAGGEEALYLRPFIFATEPGLGVRPAKHYRYLLIGSPAGAYFRNGINPVDVWVSTDYVRACPGGTGAAKFGGNYAASLVAQAEAAENGCDQVVWLDAVERRFVEEMGGMNLFFVLGSGGTSRLVTPELSGSLLPGITRDSLLQLALDAGFTVEERKIDIDEWQKKAAAGEITEVFACGTAAVITPVGRVKYADAEFTIADGQPGEVTMALRDTLTRIQRGTFADTHGWMTRLG
105,1,MAEIRIEKTTHPKEKPDSDKLSFGKYFTDHMFVMNYEKGKGWFDPRVVPFAPFEISPAAMVLHYAPEIFEGLKAYRTPDGTVQLFRPQENIDRMNRSAERMCLPQIDPELFMEGLLTLVKTDQDWVPSGADTTLYIRPFLFATDEKLGVHAPSKCTFAIILSPVGPYFPEGVNPVKIFIEKEDVRAVRGGTGFAKCGGNYAGSLRAGERAEAKGFAQVLWLDGVEKKYVEEGGGMNIMFKIKGKVVTPALLGTVLPGITRKSVIEMLKSWGVEVEERLVTLEEILEGIKNGDVEEAWCTGTAAVISPIGEFATEDETYPIGEFKSGPLALRLYHSLTDLQFGRSEDKFGWTVRVAR
106,1,MGNRAELDWSSLTFGYVPTDYNIRCYWRNGAWGELEVSSSDMLTIPMAATCLHYGQESFEGLKAFEGKDGKVRIFRPEENAARMQHTSRGIMMPEMPTDLFLEAIERVVRLNRRFVPPYGSGASLYLRPLMIGLGQQVGVKPATEYMFMVFVTPVGPYFKEGFRPTPMAIMRGYDRAAPLGTGTYKVGGNYAASLYSGHLAHSKGYSAVIYLDAKHKEFIDECGPANFFGIKDNTYITPESTSILPSITNKSLMQIAQDMGLKVERRPIHVEELATFSEAGACGTAAVISPIARIDDLDEGTSYVYSTDGKAGEISERMYNKLRAIQYGDEPDTHGWVRVYDF
107,1,MRETYVLINLYPLIKCSTGISVFDQLEGNIWLDGKIIPWNSAKVHIMTHALHYGTSVYEGIRSRNTTLFRAPLHYRRFQQSAAFLDFEVPYSISTLVNATQLLLDAGHYNFGYIRALAWCGSKSMVVSHRNSNVHTAIMIWERPMPYPPQIYQHGVTLHLASWRRPCPSSAPVHSKASGLYMISAMAKRRAELEGFDDAILLDTKDRIAEASSSNIFFVREGTLQTPFPHSFLKGLTRAFVLEQAKEEGIPVIENDIYMSDMPSMEACFLTGTAVGILPVASVRTAECLYQFKPDSITKRLQILHQKAFCIF
108,1,MASIPFDDRDGYIWMDGEFVPWRDTKVHVLTHALHYASAVFEGERAYGGKIFRSLDHSRRLHNSARIMGFEIPFTVEQLEEAKREALAKSGLDSAYVRAVAWRGSEMMGVSAQNNTIHLAVAVWAWGDYFADKMKGIRMTHADWRRPAPDTAPCHAKAAGLYMICTLSKHAAEKAGYADALMLDYRGQVAEATGANIFFVRDNALHTPTPDCFLNGLTRQTTIKLAQARQIEVIERAIMPDELATFSECFITGSAAEITPVAEIGTHVYKPAEISHGLVDDYTRLVNGKMELAL
109,0,MIANEVFLGVKPAAEFIFCVIACPVGAYFKGGAKPVSVWVSDDYSRAGPGGTGAAKCGGNYAASLLPQAEAIRQGCDQVVFLDTIENRWVEELGGMNLFFVFDDGTLVTPPLGGTILPGITRDSIIDLARSHGRAVEERRYSIEDWRADAESGKLREVFACGTAAVIAAVGEVRSTKGNFTIGGSQTGPVTAALRDELVAIQRNQQPGPDGWVHEVAL
110,0,MPVGNYFKGGLQPTNFLIQEEYDRAAPHGTGAAKVGGNYAGSFVPGQYAKTNGFSDVIYLDPATHTKIEEVGSANFFGITADNEFITPLSPSILPSITKYSLLYLAEHRLGMKAIEGDIFIDDLDKFVEAGACGTAAVISPIGGVQHGDEFHVFIVKQKLDLLLENFMMN
111,0,MSDSADTRSAFRDIEERPSPHTRHATAAARRNPVNGVLLAQHDGPFALEFHFHDAHLPRLDHDPPALRAPDHCPALRGSPQRSTLPRERLVHCSTTCAGPPVTTPLSPDETANPGWALFDDSLPDGEHLWLTDLQYTLCCRSPGEIESTFGKIEAARRQGHWVAVAAAYELGYALEPRLQALLPADDAPLLRAWVFAKGERLSQAESLVRIEEELSLLDEHLQNAGVAALERGIERADYLAAIGRIRELIHAGDCYQVNFTWPLTGTIYGSPLALYRRLMEAQPVGHGGYIADADGAILSRSPELFVERSGKRLSCRPMKGTAPRSSDPNALASSTKDRAENVMIVDLIRNDLGRLAPAGGVKVESLCSIEPYPSVWQMTSSVHAEPVDADLITVFRALFPCGSVTGAPRIRAMEIIRELEHEPRGLYCGALGWVAPDGDFSFNVPIRTLNVRPDGRFRLNLGSGVVADSDAESEWEECLLKGRFLTALGAPFGLIETLRCEVGAEPTFPLLEAHLSRLLRSSRHFGHNCDIGALRSALLAHGRTLTPGIHRVRLELSYAGRLVIAGQVLDAPPDTPPEIVQWPERVDSTDMLLRYKTTARETYDHALHDVLGRGYFDAVFLNERNEVTEGARSTVFIDTGDGILHTPPLSAGVLDGVLRRQLLEDGRAIERTLSIEDLRSARAIYVGNALRGLQRVTLAAPA
112,1,MTPNGLDSSEAFVLLDDNLAPEGRALLFEKPVEILRCDRPQDAPATLKRMADLTAGGYHLAGYFAYELGYLFEPRLAGLIEDRLEKTRGTTPLIWMAAFHAPRSLDSEALAKILAPAGRYETSTPELSLTREDYIVKVGKVRDYIAAGDVYQINFTFKYNFRFSGDPTAFYRNLRCKQPVSYGALIHDPAHGGSDPESRGFDLLSLSPELFFRREGDRVWTRPMKGTAARGLDSAGDAEQAAWLRNDEKSRAENLMIVDLLRNDIGRVAETGSVEVTDLFTVETYRTVLQMTSGITAKLQDGVSFRDIIQKIFPCGSITGAPKVRAMEIIHELEPEARGVYTGAIGMIGPDGDCRFNVAIRTLMIEAAPIDTANDGAQETVRKAEMGIGSGIVYDSNPADEYDECLLKGQFLTTAMEDFELIETMIWRPESGYHLLDYHLERLEDSARYFGFRHDAEAVERALKETARPLTDGRYRVRLLLDRQGDISITSTALAPPDRDATFRFVISEHRIDSRDPFFRHKTTRRQLYDREYARWHEATGCDEVLFLNERDELAEGSRTNVFLEHDGMLVTPPLSSGALPGTLRRALIEDEPRVATEAVLTLKDLKGAMRVLFGNSVRGLQQAKQLDTSTANKTSDNTTLKAG
113,1,MKYITGRALPYDFSDTLRTLAQGDRPFVLLETGLVRGIDFKSYLFENPIEELIIETEDDIQDFFQSAQDFIENGLYLAGWFSYELGYLLEDKLKRFFPKKSLRYPLAWLGVFKQPKVFEHSEKGPWSVSSVKDLKDEISSLEIDTALGEYVESITKIKEFIRSGDTYQVNYTVRGRFSYSGDPIDLYENLRVKQPVPYGGVIRWKDLWILTLSPELFFRIEDGKISSKPMKGTVRRGMTLEEDDDLASWLMNDEKNRAENVMIVDLLRNDIGRVCEIGSVSVPKLFEVERYDTLFQMTSTVMGNLDKKAGLLDIFKAIFPCGSVTGAPKIRTMEIIGELEKSPRGVYCGAIGFMGPGPKAVFNVAIRTLTLQKNIGEIGIGSGVTMDSDPEGEYDETLLKMAFLKNSFEDFSIFETMRLDQDGSIFLLKEHLDRMENSAFYFGFPFDRQEILKRIEGEIQSILPISNSLILKCELKRTGEIRFSTRPLEHQLDQIRVCISDVRIDPKNRFLYHKTTKRDLYDRELKRARERGFWDCIFINESGEVTEGAVTNVFVEKDDSLITPPISAGLLAGILRGKLIEEGRARVGRLTLHDLKNFPVYLGNSVRGLLRAFIPDHAARKFAEDARQRAYRRT
114,0,MGFLARQEEFVFLDTSRPDHENVESLLFVKPLDRLICRGGDDLLGYLETLQQRLTDGFYLAGWVGYEFGAMLEGGIDGKSDLFTDAGVTLADLGVFLKPLRFDHHTGENNFPFDSSRRLIQDGYAIKGIHANMAKQEFIDALNVVRLYIGAGDTYQVNYTMKLLFGFDGSPESLYKVLRRNQSVAYGAYIRNKQERTLSFSPELFFRKKGAEITARPMKGTAPRGRNSREESSNTVFLHNDIKNRSENVMIVDLVRNDLGRLMHGRDRGRSRVFVDSLFDVESYESLLQMTSTVKATTTTAAMQNLSLTELFRALFPCGSITGAPKIRTMQIIDELEKSRRGVYTGAIGYFGPDGSAVFNVPIRTVRLQGEVGEMGIGAGITYDSVPEEEWCESLLKGRFLTHSQPEFQLFETMLWQHGQGYRLLEEHLQRLEDGAKFFKFSCSLDLIRNQLKELEKNFSDGFFRVRLVLAKDGQLSHTSSRCGPPLCLELSPEPGPVVEKDLPVADFFERPVDTKAPWCFHKTTMRSLYDNAFEKAQADGLYDFLFVNEQGEVTEGCITNIIIYAAGHYATPPVSCGLLSGIMRGVLLADKAVPVFEKVLTEQDVRGADAVFLCNSVRGIIRVRMR
115,1,MQTPSRQYPTVLLESYSNGHHSHSFRFDGLQSIIVAQTADEVIPALEAAGQAVEQGLHAAGFVSYEAASALNPDLPATTPGDLPLVWFGIFTERHPHIPDRKEPMGAHCRISTIHTDCDETDYTRAIGYIRAAIAAGETYQVNFTIRQGFTFDGDPFALYRRMCLNQQAPFCAWLDTGTHRILSASPELFFSLKNGHLTMKPMKGTAPRMPLPAADRARCEQLAASPKERAENLMIVDLVRNDLSTIAETGSVAVPGLFETETYPTVHQMTSTVTAKIRNEARLIDIFRALFPCGSVTGAPKRRTMEIIQSLEQTPRGVYCGAIGYLSPGHEAVFSVAIRTAVLDMAGGTGEISVGSGITWDSEPSGEYRECLAKSAFLARECPDFKLIESLRLEDNGFVLLDRHLQRLTASAAWFGFNLDTGQLRDRLDLMDRTLGGSHKIRILLAADGSLTLESEAITGPFQHPPPCPAALPEGKGPAGATPLLVAVARERVTTADPFLYHKTTRRDLFERERRAHPDCYDVVFLNERDELTEGSYNNIVVALHGELLTPSLSCGLLPGVLRCELLDKGTVREAILTLDDLHRADKFWLVNSVRGCRECSVEESNGTRIKSDFSGSSRI
116,1,MNIVNVLKYVEENEYSAFFYTPPVYQGAESWFLKKPDIILESGSWKEIDSVLKQADIYSQREYLTGVALLPYEAGYGFQPVDLKKFRKHIDSVPSVKFMFYNRKNTVRISSRSLDFKDAPEISDRMYRIDNYRLNVSKDEYVRNIRKIKDYIENGETYQINYTVRALFDLNGDLSSLFLNTIFHQSAGYTSFINLKDEYIISFSPELFFKTNYKDIICRPMKGTVKRGSNHHEDMMIEKNMSGDEKNLAENVMIVDLLRNDLGRISKTDKVKVEKLFEMEKYETLYQLTSTVKGELKERELSTIIKNLFPCGSITGAPKIRSMEIISEIEKSPRSIYTGSIGLVSKEKAVFNIAIRTLRIDKQNMSAEMGLGGGIVWDSIAEDEYKEALLKGEFLMPAEKFEILESILFENGEYFLLDLHLERMKKSADYFLFYYDEKKVRNVLESAIKEFRKGKIYKVRVLLNKWGDVTTDYQEIKDQISNVGIALSFSERTKKKQFIFHKTTFRPWDTELKSAREKGFFEVIFCDKDSRVFEGAFTNIFLEKNGKIFTPALDSVILNGCYRQHFIKTCGVIEKDIFIDDLKNADRVFLGNSVRKKIYVNKIKHLKDEQETE
117,1,MHKDEQLLTCILLDDASSSAHQPTSRLYKNPIEYLEAHHADDLDATLEKIQDAISNQQYVVTCLSYELGEYLQGLTPKASKTPWIRAWIFNGVSKLSKDETDDWISTNTNVSTEDLPYSISHLHANIDPLTYKKKIEQIQELIKSGDTYQVNFTYRLKGHICDDPLRLYGQLRQQQPGPFGAYIQYQDGWVLSCSPEWFLAKRGTHLITMPMKGTAKASEENTQTLEADPKNRAENLMIVDLLRNDLGRIAIPGTVSVPELFHVDQHGDVLQMTSTIEASVNSSLSLKDLLTAIYPCGSITGAPKKRTMEIIQTLEDSPRELYCGSIAWFDPAAKGEILGDVGMSVVIRTLQVNQDKKFTMGVGGGITIDSNSQSEWQECQTKANFLMKLQPPVDLFETIRVEMGQACFLDPHLQRLKHSAMTFGIHFDSLKATQLIQESCSTLSDEAKRSLHRLRLDLLQNGQMGVRLTTIQSIDTPSPLIWAKDLFQEDVTSQSGNTWLQHKLSQRMIYDQAWQRAEKNGAFDALFINELGHVTEGGRSNIFIKKDGQWLTPPISAGCLPGIMRSLILKDPQWQAIEKNFTPEDVMMAEEIILCNALRGIITIKLDTKD
118,0,MPPEVSTEVFSMNAKASDRILKVIKNPMLLLLETLRTSSGKRRSFFLQNPQTILQCGSVAEVPGLLKELQKSLSDGYWGIGFLTYEAGYSMVPNLPQPRESTLPAAWFALTKNTPAAERPTFPEEAVALTDLKLDHDLEAYRDKIKSIRASIESGDTYQVNFTMRYRASFSGSPKALYRQLRNKQRVEYAAYLETDDWTILSLSPELFLSKHGSDVVMRPMKGTAPRGKTLAEDRENAEQLRKSLKEQSENLMIVDLLRNDLGRVCKTGSIAVTQPMQVEKYDTLLQMTTTVEGILQDDATLDELLISTFPSGSVTGAPKVSTMQIIHQLENSPRGIYTGAIGYVSQQESIFNVAIRTVHIDTPTGILEMGVGSGILYEADPEREFHECELKAKFLTDPAVDFELVETMLWTPSEKFPRLSYHLDRLLKSAEYFFIPVNRSQIQADLQKISAANPLRIRLLLNRDGKHRILTSNLESMEEPVKICLSDSATKSSDPFLFHKTTHRPLYDRELEKARAAGCFDVIFHNERNEITEGAITNIFVERKRKLFTPPLTCGLLDGTYRKYLLDSKRATEALLQTEDLRTADAIYVSNGLRGLIAATLR
119,0,MKSGEGKLSLSSRGTVISRLPGDNLKWGIFSNPLEVLESVSPCDVRGVLESVNEHVREGRAAAGFISYEAAPAFDRANKVKMSLAAGMPLVWFGIYDSFREFEFSGDFSPEIPVIVPEMDNKSYLDSIGLVKDYIFEGDIYQANFTFRLRGNILSQPDELFLSLFGKHPAPYSAFVNTGKIKIVSNSPELFIESENGMIKSMPMKGTFPRSPFPDEDAEAARRLSSDPKNNAENLMITDMVRNDLGRICVPGTVKTGPLFHVDTYATLHQMISTVCGKLSGGLSLYDIFSAVFPAASITGAPKIRAMEIIEQLEKSPRGIYTGTIGCVLPGGSLCFNVAIRTLAAGQDGACELGVGGGIVADSIPSEEWTEALLKSKFLFKARDPEFKVLETILWKDGVFSFLEEHLKRAESSQLYFGRKFDKDALKEKLLSFSSGLEKGRFRVRMLLDPCGNAELVPVEIKGPPWPSGGLKIKLSEKRTLSSDIFLYHKTTNRAFYDKEFADASADGFNEVIFANEKGEITEGAVSNIFIEKNSRWYTPELPCGLLSGIWRGKMISELAAEETKISISDLRNAEKIIIGNSVRGTGNVLETSLPSSVLNL
120,1,MSGPAGSWARFDDMRSGRALAFTGPFRELVARHPDEVRPVLAEVARRTAAGEWAAGFVAYEAAPGLDAALRTHPPQEGLPLVWFGIGPAPVEVDPVALPPAGPGWRWTPRWDADRHARAVQAVRERIAAGDTYQVNLTMRLEAPIAEHPRRLYARLAHAQRGAHHAFLDTGRFAIAGASPELFFELRGDHVLMRPMKGTARRGRTTAEDAEIVAALRASSKERAENIMIVDLVRNDLARIARTGTVRVPALVRPEKYETVHQLTSDVEARLLPGAGLVDVFEALFPCGSVTGAPKAATMDIIAELEDLPRGVYCGAVGFVAPPTAPVQARFSVAIRTVVADRLRDHAVYGSGGGITWSSDPAAEHAEVLAKAAVLDVQPEDVHLIETLRYEPGRGPLRLQLHLERMADSAAYLGFPFDVDAARAAVADAVQGSTDDARVRITAHRDGAVRVAVGPAPDPGPARVVVDPEPISSRSRWPYHKTSRRGPFEERLARHPAVDDVLLVNERGELTESCTANLAVLLEGRWWTPPLSSGCLPGVARRVLLEAGVLAERVVRPADLERASAVALVNSLRGWRPVVVVPVEEAAASGVASAAR
121,0,MLFHNPHEVLMLNAFDGVEDFFKKIEERVAAGFFVAGWLSYEAAYGMDSALAEMATAQTWQAPLAWFGVYKAPQRFTADEVAQLFPPSLTTAITAPHCSTTEIDHAEQVAAIREEIAAGKVYQVNLTARYHFSMAGEAPALFAALRQQQPASYTAFLNCGERTILSFSPELFFRTDGCAIETRPMKGTAPRGSSAEEDAHLRLQLQQCEKNCAENLMIVDLLRNDLGRICTPATIKATKLFATESWPTLHQMISTISGELRNNVSLYELFQALYPCGSITGAPKISAMQLIQQLEQSPRGIYTGAIGYITPPSAQVSAQTMRFSVAIRTLELQGQHGIYGSGGGIVWDSVAADEYCECQLKTKILESIAAPPFELFETMLWHDGCYLWLNEHLNRLANSAKALGFAFERQATLQQLLAFEVELQQSPKKRCKVKLTLFRNGEVQLDAEAVSPDLSGRLMLVTLAEKPVSSNEEAWLQHKTTLRHSYDSAFAAARAAGYDEVIFCNQRGEITEGAISSIMVRHGSQLLTPSLACGLLNSISRRYLLATRPNLREATLYPNDLVTADMLYIANSVRGIRPAVMEQEMKRIEK
122,1,MPLAAPAPVARFDDVAAGHAVQFSRADRVIEAWRPDEVRPALAAVEEAVAGGAWAFGMLAYEAAAGLDAQARVRAPREGLPLVWFGLATAPDEASRPLTTGEGFTLAPWEADWDRAQHAGRVEAVRAAIAEGETYQCNLTTRLRSRFTGDAFGLYGELAHRQQGSHHAFLDLGRTAVVSASPESFLRWEEGELRTVPMKGTAARGADAAQDLAAREALRASEKDCAENIMIVDLLRNDLSRVCAPGTVQVSDLLRAEPYPTLWQLTSTVTGRPAPSTGVVDVLEALFPCGSITGAPKLSTMALIAELEDAPRGAYCGALGYLAPGPAPQARFNVAIRTVEIDREAGTAVYGAGGGITWDSTPAGEYDELLVKAAVLPTGPREPFALLETFAVRDGTGQNLEAHLERMLASAAQLGIPVRRETLTAAVADAIAARAHEPAALLRLALGQDGTLESTARPLSTPPGPVRLALDEVRTVFPAQLSAHKTTMRAHLDAARARHPEADDVVLRGAHGRAVETTIATLAARIDGTWCTPPLADGCLAGVGRRLALARGELLERPLEIEDLRAAEQLAVISSARGWRSAVLTDS
123,1,MTITSLIDFVDPHDSAAPRLRQAFGAPRELLVAHQLHEVRAVLDAVQAAAEQGAWVLGALRYEAAPAFDAALQTRPADGPLAWFAVYDEAMPWPETSEPPPEPTLHWQSRQERAQFDAAFAAIQQAIARGEFYQVNYTAQLQATLEGGGAAPARALFAALQRAQPGGYAAYIDMGDEQLLSVSPELFFDWRGASLLTRPMKGTAPRGATPAQDAAQAEWLRSSPKERAENVMIVDLLRNDVSRIAQPFSVQVPALFHTQALPAVWQMTSDVQARTRAGCSLAEVFAALFPCGSITGAPKVRAMQAIRALEAEPRGIYCGAIGVMRPGGAATFNVPIRTVTLRGREARCGIGSGITSGAEADSEWQEWRHKRAFLERASMPFELLETLALQDGQLRHVSAHLQRMAGAAAHFGYRWDEAQARQCLEQLAQTHPQGLWRLRLLLGAAGQFGAQAYAMEASASEVLLRLAGHPLLEAHGEFVRFKTTRRAHYEAFTPSAPEVFDTVLWNERGEITECTRGNVAMLIDGRWVTPSLACGLLAGVGRALALQEGRLSEAVVRVEDVPRVQGWAFVNSLRGWIAARLV
124,0,MQTPEIIIHDAFTRQWLKFVNPVRLYEIKSSEDVIPALMQIERLVRLEKLYATGFVAYEAASAFDNHLLTFPPSDLPLLYFGLFKDAETTAIPANSAENFHEMIMIPDIDAKTFNKKISKIKDYICQGWTYQVNYTFRLNRQAVDFIPKQIFGSMISAQPSDYGAYIETERFSVCSASPELFFMRDGNRITSIPMKGTAPRGKTLNEDELIRNNLYVSEKNRAENLMIVDMIRNDLSKVCVYGSVKVPELFKIEKYPTVWQMVSKVTGVTDAGIADIFKALFPCASITGAPKVKTMSIIRELEESPRNIYTGAIGFIKPDGKSQFNVAIRTLLFDHQAKTVEYGIGSGIVWDSKAEDEYEECLLKSRVLKTTQPGFDLLETMRVDKGGAIFLLDYHLKRVQDSADYFDFPFDREKILKYLKAQLKEYTMLPCIIRLLLSKKGEIKIELKPLSPLGDSGEMKVAIAKTPVNKEDVFLYHKTTWRKIYENAIKDFPGYADVILWNKDHEITESTIANIVIEQHGNYYTPPVSCGLLNGTYRQWLIDKGKLIEKVIKKEELYGYHKIFLINSVREWQQVYL
126,1,MQIYTDKSFTNPIAKIVAFDTKSLKSAFEKIESYKNTHYLLGYIRYEAKNCFFDNEYNYPKPLLYFEVFENFSRFTPQKIHTQYLISEKPLISKTEYSNSLKQIKEEISNGNTYEVNYTYPTEVTSSLDGFELYQALLKNQTTPYNTFIKNEYETLLSFSPELFFTIKNNTITTKPMKGTVKRGSTPEEDKENIEFLKNDVKNKAENVMIVDLLRNDLSKIAKTGSVNVTKLFEIETHKTVHQMTSTIEAELENNTTLYKVFESIFPCGSITGAPKISTMHIIDDVENFNRDIYCGAIGLISPEKTVFSVPIRILQKENTENSYLCHTGGAIVWDSDIQDEWEETFIKRKFLNPTKFNLIETMKSENGEILLKSEHLSRLKTSCKKFGFIYNTELDEISSDKTEIIRIVLSKNGEYTVTRSEIKPNKTNKIIFSETKTNSSNEFLYHKTDNRYWYDNTMKKIKNGEVFDVIYTNEKDEITEGARSNIVISKDGKLYTPPISSGLLNGTYRQKIIHKLNEKTLYKSDIINADKIYCINSVRGIVEVKLCL
127,0,MAMAAFMFSSAICSFINDGGMEMAGAASIWFNGALVSAEEARVPVTAHALHYGSSVFEGIRAYATPRGPAVFCLPQHVRRLMDSCRIFRMTLPYTASEVTEAIVATVRANNHESCYIRPLVFRGPGTFSLDPRKASVEVAIITFEWGRYLGQEAVEQGVDVMVSSWRRAAPDTAVPMAKIGGQYVTSQFIAMEAADHGFTEGIALDAQGFISEGSGENVFVVRDGVVFTPPLSASVLPGVTRAAVLTLLRDLGLAVREEPLLRETLYMADEVFFTGTAAEITPVRSVDRIAVGEGRRGPVTARVAEQFFGITGGHLPDRHGWLTDVNADRPGSATRSGSGHDSGDGHRVGDGPAPVRRGSGERA
128,0,MQKIFSQLNNSIFYSFNDKKVYYLLLIMEKSKLIWLNGEFVNWEDAKVSVMSHTLHYGTGVFEGIRARNCKNGTSIFRLNDHVDRLYNSASAYNLDIPYDKDVITQAIKDSVHLNELTSAYIRPLVFFGEGEMGLLPNNVPVNVSVAAWSWGAYLGDEAGNNGVKVCISKWKRISPESFIPTAKGVGGYMNSTLAKIDAVNNGYDDAIMFGDGDVVAEGSGQNLFLIKNSKITTPPIETGALGGITRRTAIEIASNLGYETIEQNISKEDLLNADELFFTGTATEVIGVVSVDGENIGTGSPGIITNAIRKNYLEIVNGNDPISENYLTLVK
129,1,MPKYAYFKGKIVPYSEAKVGVMTHALNYGTGAFGGIRGYWNDEDEQLYIFRPLDHYRRFLNSARLLCMQLDLTPEKLRDLTAAVLRAEGYRQDCYVRPLAYKSDEVIGVRLHDLHEEFTIFAIPFTRYIETDEAHVTFSAWRRIDDNSIPARGKLTGAYVSSAFIKTDAHRAGFDEALVLNRDGHVSEGSAMNVFMVRDGVLVTPPVTDNILEGITRRTILTLARQELGMEAVERPIDRTEVYLCEELFLTGTAAAVAPVTRVDFREVGDGHIGPVTDQLRTLYDDAVRGRLPQYRHWNEPVYVTEHAAAD
130,1,MSFADRDGVIWLDGELIPWREAKTHVLTHTLHYGMGVFEGVRAYSTPKGPAIFRLKEHTDRLFRSAHILRMEIPYSKEELNEAQKLVVRENGLDEAYLRPMCFLGSEGMGLRAEGLQVHTMVAAWNWPSYMSPEALEQGIKIRTSSYTRHHVNITMCKAKANGNYMNSMLALREALDSGCEEALLLDNEGYVAEGSGENIFIVKGGVLYTPELTSCLEGITRDTIIQFARELGLEVREKRITRDEVYIAEEAFFTGTAAEVMPICEHDGRKIGSGKRGPITEKLQSMYFDQVRGKRQENPEWLNIC
131,0,MNHPYIWQDNAVVPFDKATVHVLSYSLHYANAVFEGIRAYKGSDGLYVFRLHDHMQRLLDSCKTLMLDQVYSLEALKQATLDLLKANACKEDTYIRPLVFMGLGSLGICSGDSPIHTIIATVTWKHNPIEGIKVKTSSFRKNDVQSSPNKTKASAHYLSSQLAKQEALLCGFEDALLLDNQGFVAEGSAESFFMVYRDHLIVPPLDYALDSITRQTVLELAAHLQIPTIERHIAREEIYSAQEAFFAGTGAEILPIQSLDFRPIGGQEKPITQALTEAYMQLVRGELSALKHHITKV
132,0,DREQIRQATLELISRNGLRECYIRPLVFRGYGQMGLFPLEAPVDVCIAVWQWPAYLGEEGKQAGIRAKVSSWRRISPDSLIPAAKASGQYLNSVLAKIESHKAGYEEAILLDDHGHVCEGSGENIFVVSDGTITTPGQTASILDGINRKSAIQIARDLGIEVVERDIARAELYLADEVYMTGTAAELVPVREIDDHQIGDGTPGEVTRSVQKAFDDALRGRTERYREWLDPVPARAAAPAG
133,1,MGGQKKGELEVIHSWSGPRSLSTSLMYSFAQREDTEVLDEPLYATFLKVTGLDRPYRAEVLSTMESDGSKVVQEVIFGPGEKKYRYCKNISKQRVPGLHSDLMKKGKHFILIRNPLDILPSFEKVVPPSFLELGMAELVSIYSDLSQLGKPPPVIDAADLEQDPEGTLRGLCEDLDIPFDDAMLRWEAGPKPIDGIWAPWWYKSVHQSTGFTEPRKYPKPFPFSLYDLLEQSLPLYNVLRKHVRRTSGLSKSPLPPPDIPVPANKKLLAWVGDEILPRESAKVSVFDSVVQGGDSVWEGLRVYNGTIFKLEEHLDRLFDSAKALAFKNVPTRDEVKEAIFRTLIRNGMFDNAHIRLSLTRGKKVTSGMSPAFNLYGCTLIVLPEWKPPVYDNTHGITLVTATTRRNSPNNLDSKIHHNNLLNNILAKVEGNNANADDAIMLDKDGYVSETNATNIFLVKKGRVLTPHADYCLPGITRATVMDLVVKENLVLEERNISLSEFHTADEVWTTGTMGELTPVVKIDGREVGDGQVGPVTHRLQKAYKKLTEEAGVPIPSYQE
134,1,MIDTVTTHQAEEDIRNETVLVWVDGRLVPRAEASVSVFDSGFMLGDGVWEGLRLYDGRWAFLDDHMDRLFEAATAIDLDLARTREQIVAALEETRAANRMETDAHARLMVTRGVKSRPFQHPSLSRRGPTMVIIMEYSRPRLPRPIRLATVPHIRGLPMSQDPKLNSHSKLNCVLACIAAEKAGADEALMLDVHGFVNTTNACNFFIVRKGEVWTSTGDYCMNGITRGKVIDLCRANGIPVFEKNFSLVETYSAEEAFLTGTFGAQTPVASIDGRRIGTGELGPMTERLRELYKALVAA
135,0,LEMTAKANGMSDDAHCRLMITRGVKVKPFQHPSLSRSGPTIVIIIEHSKPAEDVQTKGIRLATVPQVRGLPMSQDAKYNSHSKLNCVIACLQAEQAGADEGLMLDPHGFVNTTNACNFFIVRKGQVWTSTGDYCMNGVTRQKVIDICRANDIPVFERNFSLVDAYGAEEAFLTGTFGAQTPVAEIDGKSIGENGGNGPVLERIRALYKEMIVKATT
136,0,MELLIYFNGEFVPKHEARTSIYDHGFLYGDGVFEGIRAYNGRVFRLDEHLDRLYDSAKAIDLKIPLSKEEMKKAIIDTLKRNNLEDAYIRPIVSRGDGDLGLDPRKCPRPNVFIITQEWGAMYGDLYERGLTAVTVGIRRNAPEAMPPNIKSLNYLNNILAKIEANVKGGDEAIMIDTCGNISEGSGDNIFVVKNGRIITPPTLNNLRGVTRAAAIELAIKEGIRVFETNIGLFDIYTADEVFVTGTAAEIAPVTRIDGRLIGDGIPGQVTKKLMAAFRELTMIEGTPIV
137,1,MQAARPEIYLNGHFMPPQEGKVSVMDRGFLFGDGVYEVIPCYGGRLFRLEHHLQRLDNSLHAIRMQNPLDRAQWQAILQRLIGQLPGADQSIYLQITRGSTGKRDHAIPTGIAPTVFVMTQPAVYPDAAALATGIKAVTLEDNRWLRCDIKAITLLANVLLRGEAMEHGAAEAILVRNGYATEGATSNLFIVLAGEIITPPKSDHLLPGITRDLVLELAQQHALPCSEKEISQQMLDSADEIWVTSSTKEVMAVVELDGRAVGNGTPGPIYTRMAGFYGEHKALLQAGRILS
138,0,MDRGFLFGDGVYEVIPVYSRHPFRLDEHLGRLGRSLAAIQLDNPHTQAEWTALVSRLVATAEWDDQSIYIQVTRGPMAVRNHVFPQAPVPTVLLLAEPMNMPSAAQVGAGVAAVSAADIRWLRCDIKSISLLANCLLRQQSVMAGCAETVLFRDGFLTEGAASSIFVVRNGVLLVPMKNHLMLPGITYDVLLELAAANGVPVEVRDITEAETRTAEELWLASSTREVLPIVQLDGVKVGAGDTATGTPGPVFVAMYGWYQEYKTRVMRHG
139,0,MNTQILPVGTASLRDVAQPVGDLDDPAVHEAASALGAALRAFRDAHGFGRAVAAPQIGIGQRMIALALAGWPGVIVNPEIVWRSDARMTLWDDCMCFPDLLVRVERHASVSVRYMTLDGTSHLREALSPDVSELLQHEIDHLDGKLSFDRVAGPNAIVHRSAFDAARASFVAQVDYAPNAAPHVPEEKGMAPHGVSSVEAPAFPPGAAYLNGRFVPIADARVSVLDWGFLHSDATYDTVHVWNGRFFRLDLHIARFRRSLARLRLNVPLGDEALRDILVECVRRSGLRHAYVEMLCTRGASPTFSRDPRDAVNQFIAFAVPYGSVANERQLREGLHLHLVDVQRIPPDSIDPQVKNYHWLDLVTGLLKGYDAGAESVVLRGADGGIAEGPGFNVFVVRDGRLYTPERGVLHGITRQTVFDLADAMGIAAHAARVDDAQLRDADEVFITSTAGGIMPVTRLDGQAIGDGKPGTVTRRLFDAYWAKHEDPAWTLAVDYAAREMP
140,1,MTLTDTGASNLVAVEPGAIREDTPPGSVIQYSDYELDTSSPFAGGAAWIEGEYVPASEARISIFDTGFGHSDLTYTVAHVWHGNIFRLGDHLDRLLDGARKLRLDPGYTKAELADITKRCVSMSQLRESYVNLTITRGYGKRKGEKDLTKLTHQVYIYAIPYLWAFPPDEQIFGTTAIVPRHVRRAGRNTVDPTIKNYQWGDLTAASFEAKDRGARTAILMDADNCVAEGPGFNVVVVKDGKLASPSRNALPGITRKTVFEIADDMGIEATLRDVTSRELYDADEVMAVTTAGGVTPIVSLDGEPVGDGTPGRVTTAIRDRFWTLMDEPSPLIEQIEY
141,1,MDKIFAGYAERQTALEATQAENSFARGIAWVQGQLVPLHEARIPLLDQGFMHSDLTYDVPSVWDGRFFRLDDHLDRLEVSCQKMRLKIPMPRDEVKRTLIDMVAKSGIRDAFVELIVTRGLTGVRGSRPEELLNNSLYMFVQPYVWVMEPSIQYDGGSSIVARSVRRVPPGAIDPTIKNLQWGDLVRGLFEAHDRGATYPFLTDGDANLTEGSGFNVIIVKDNTLYTPDRGVLQGITRKSVIDAAKRLGYVIRVETVPIEAVYSADEILMSTTAGGIMPITTLDGKPVNDGKVGDITRAIWDEYWAMHYEDEFSFKITY
142,1,MGKVLYNQQFVERSKLIDIEDRGYQFGDGIYEVIGVYDGAFFLLDEHLQRLKRSAKEIQLSLPYELTELKEKLVELVSLNVLTDGVVYLQITRGEAERWHHFPHESVTPILIAYTKIEETLDEASKNGASAVLTEDIRWLRCDIKTLNLLPNVIAKQKAVENNAVEAILHRGDVITEASASNVFMVKDGKVFTHPANNYILNGITRQKVLELCDKLQITVQEEAFTIHDLLAADELFITATKLDIVPIIQVDNQPIGSEIPGETTKKIIQAFHSSLQALRIS
143,1,MVKKENVKRNTFEVNTEPEYVWKSGEILKYADASFPLSMLGWSSINMVFEGIRGYYNKSDDQIYILHLNEHLSRFMESMKMMRMYPFASSEELKAVIIDLIKLNKYKEDVYMQPLGYFGDGPPGFLASGERKGDMTIMVKPIDSLLTSDNMLNVNVSSWRRISDDVMPPRIKTIANYQNSRYVAEEARLNNYDQSLILNTQGKVSESTYTCVFMVKNDKLITPNVTSGILDSITRKSIIELARNELGLTVEEREIDRTEFYVADESFICGTGGEIQFIGKIDGYIISEKPGNISKEIQNLYHNIVRGIDKRYNHWRTKTF
145,1,MATSTSAEAGERVVYLNGEIIAERGASLSIFDRGFIWGDGVYDAGRTFEGRPFRIWEHVQRLYRSMKYTRLDIGMPAEEFYEKVLEVIRHNAPLLEAGGDYLCRMHVSRGVMPDEGSVHRGGDMPPTVVVFCMPINLAIFAKYYEDDSGMPLVIPSTRRTPPQCLSPKAKVSAKMNNFIAAFEARDVDEDAQPLMLDVNGYVTESQGSNFMFVSNGTLHMPNRSGALVGESMTTVTELAEKLGIPVEEGLYTPYDVYNADESFLTSGTFCVMPVGTIDNHSMNEPAPGPVTRRLLDAWSDLVGVDIVGQIRDQARLTNTR
146,1,MLRALHAEPGLAALLGDWMHGDAVIGIRPARVLGADEDPFAALGSADDDDPPAVARAAPPSTGGNRHDLCALARPCAEPPAADPARFGGGWLGYLGYQLSRRLESLPPAPPHSGGLPEHHLARYDHVLVHDSAADRWFCESLPGADPARVAETIAAVERALGAGPASSSGASAPRSYRCGPFEAAVTGAAHAKAVRRALAHIRDGDIFQANICRELTAAFDGDPLDLFCAGYERLRPRFAGFLRVPGGAVASFSPELYLRRTGTAVLTSPIKGTAPADSDPCELHASAKNRAENVMIVDLMRNDLSRVCVPGSVLSPAVPRVEPHTGVHHLVADVHGTLRPGLDDAALLRSTFPPGSCTGAPKVRATEIINALETTARGVYTGGIGYASPVAGLAMNVAIRTFEFSGATVRLGVGGGIVADSDPDGEAFETLVKAAPLLDAVGARFGPELSREWREHAESSEVATPACVGGGGAPSRAAASLRDAPVIRSTPDPSLGVFTTMLVREGRPEQLVEHLARLGSSVRACFSHELPGALAEQVLQRAAGLDGPHRLRVTAIPDDGSLCLEMTHAPLNPPGAAPPVDPWVLYPVVVPGGWGRHKWADRRALNTTPGPWSPVCDPLLVDQGGTVLETGRANVFVVRGGVVTTPPVDGRILPGVMRARVLPTLRAAGYEVREQDITLTDIAEASEVFVTNALRGARPVGEIHGVGAWAPGPVTAWVQRALADAP
147,0,MRAVPWPGPVPLDAQGGVVAVVRRGTDGESHKFVDRRWLDAHETEVGDGSPLLCDPAGLVLETTRSAVAAVHRGRLWVPPLDGRILPGTGRRALLDLLGPGAVRIAPLPLAALTGTDGFLLVNALRGVQWVRRVEDDGHTVAAWTAPDPLTRRLAAALSR
148,1,MGDMTTAADAGPTKSTSPDGRRVWVQDRLVSAEEARVSATDHGLVAGGGVFESLKVTSDGAFAISRHLARLSRSAKALGLPEPDHQRVREAIEAVAAECDYEVGIVRVTWTGGVGPLGSSAAFGPPTLVVADAPTPAAPENTAIVTLPWLRNERGAMTGIKTTSYAENIRGLGHAHERDASEGVFVNTAGNVSEGTGANLFVVLDGEVVTSPLSSGALAGITRDLVRAWSPVVERDLTLAEAQAADEVFLTSSLRDVQRVTRWDDRRYADDGPVVAGLRELFAERAAADLDPV
149,0,MTGVRVWVDGTLRGDAEPALGALDHGVTVGDGAFETCKIVGGQVFAAARHRQRLRRTTAGLGLPELDEDALDNGIAAVLAAGEPIVFGRLRYTVTGGIGPLGSDRGSGPLTYIVTAAEVPRPEPTAHLSVTPWTRNERSAVAGLKTTSYAENVVALAYARERGAGEAVFANTRGELSECTGSNIFVVVGDQIHTPPLSSGCLAGITRELTIEWCREAGIAVVEEALPLSVLHTAQEVFITSSTRDVQPVRQVDGRVVAAPGPLTARAAEVFATRAAHGMDP
150,1,MDFSFVSRPAGFFSRSFDFEEDFQELAALFQDQRGSMVFLSGGEHPEARIHGFVCQPFLELSWEKDRAVLLSEQGKTESPLPLELLDRVMAACAFGRDEEEGLPFGLFGFFSYDLKNHMENLPDTVLDDLFLPGYRLFAPRLVVWKHRDEKKIRLKALYLENEKPEKALRTLDDFEGILHAFTTFSDKSRKKNLMPHPGTLSSTFTARMYRNAVDRIRDHIGKGEVYQVNLSQRFSLAFKGKAFTLFLKMQEAAPQPFSVFLQAGDFQLASLSPERFLRMKNQRIESHPIKGTRPRGKTAEEDALLKKELEESIKDGAELAMIVDLVRNDLGRIAVTGSVRVDVAARTEVWPHLFHRVAVVSAQVEKGTGPGDILKATFPPGSVTGCPKIRAMELIDELEPRRRHAYTGAMGYLGFNGSMDLNVAIRTVICKDGKAHYSTGGGVVWDSDPEEEYKETLHKAAPFFKAFDLEPGFPEKGKEAELWQDGRFLPLSEAKIMPDTPALRHGRGVFETIALIRGKALHLQEHTERLRASAPEVTGRGLPSVNWEGIIRMLCRKNPEAAERGQVHLMAMDTGNDLLSLTAMLRPLDLPQSRDGRILCLHPEPFYSPMARHKSMAYVFFARAREKAVAAGADEALIQAPDGSLLEGSFSSLLLVSGKNIFIPTGPALPGITRQKAMEYFRSMGFEIHEKKIFFKDLEKAEHLFCFSSLRGPMWVKEVRTMAGFSCSGSGMGLQGEGAKESGDMKGIVSFSAPDKEAFAALRIFLGYDL
151,1,MAKRRVVITGMGMLSPLGNDVDSSWDGIRSGRSGIAGIDRFDTTGYNTRIGGGIKNLDMEPYLSTKDARKLDAFIHYGLIAAQQAVDASGLDEYTDLDRERVGVAIGSGIGGLEYIEKNVITMEKSGPRKVSPFFVPASVINMISGNVAIRFGYKGPNIAIVTACTTGTHNIGYAARTIAYGDADVMLAGGSEMATTRSSIAAFSAARALSTRNDEPEKASRPWDRGRDGFVLSDGAGVLVLEDLEHAKRRGATIHGEVIGFGMSDDAFHITAPPENGEGAARSMKNAIRDAGLGANDIDYINAHGTSTLVGDLAEVSAVKSVFADHAYTLAVSSTKSMTGHLLGAAGAIEAIFSVLAIREGVLPPTINLDDPDDGCDLDFVAGKSRKADVRVALSNSFGFGGTNGTLIFRRYEADRVVLNVIRPDGNGISATDRGLAYGDGLFETIRMRGRQALLRSHHLDRMVADAGRLGIPVERSDLDAEITRSGCDLASRYGNDGWVLKLVLTRGSGGRGYRLPVECVPNLIVTSSPMPTLPAPGGVVAALSQFPLTVNPRLAGIKTLNRLEQVMASREFSGEEFELIMRMPTGSCLRGREPTLLSGWRASG
152,1,MFSRRLVKHVQPDQLLPRPQQSSTEHTAPTTQSFVPEAGGSVLVMLTPDRASGTVTAQVQDPRLPALTVTDQGVTRGDGIFETLMATPGQGQDGAGFHLRKSAAHLARLAASAEATQIPVPSEQDWRDGIAAGLGVFAAGNPGRAAVVKLVATRGPEAAPGGGHYGGGLDAGGLDSSAPSGPARVEQLTGTYWALVSPVSEASSHARETGLKVLLLDRGYESGVQERAPWLLLGAKTLSYAVNMAAMRHAKSQGADDVIFTSSDGKVLEGPTSTVLMARRVPRADGTQGVELITPLRRNGILPGTSQGVIFAAAERAGWELGYGPLVPDDLMDADGLWLVSSVRLVAPVTHLDGVELTVDHELTEQLSAFLAEDLDPGSHGPVD
153,1,MRSREEIESAARTLREVGQRARVWLSMPVVEGVTPRILMDPARTEATEDPTGMERRDGIFALDEAALSPLDHVALYGDGVFEGILIRNRSIFLYREHIERLDRSLAHVGIGLPMSRKMLTERVLATCAEVDFPEGMAGYIRLVVTRGLGDLGINPKKCLSPTLFCIVSTIRLYSSDAYERGIPLGLARHMRRPGPETLNPNIKSNNYLNNVLALAEGTRGEGLVEALMLNRDGYVAEATVDNVFSIVKSEGWEADPGRVEIRTPTEEYCLVGITRDTVMELARQRGYRVTVRNDLLPIDFVGPGKECFMTGTGAGVMPITSIEGVEVGDGKPGVVSKGLITDIEAMMEDRAHGLPLETPVGEIDDYLSGRAVTGVR
154,0,MIRPDAPHCALQGTAAQAGSISSERAWLNGQFILRQSLCLPVGDAGFVLGATVSEQLRTFNGRLFLPELHGKRLADSLAIVGIVPTESIESLFQAAAELATHNHALSTQALDAAGLHAQAGGDLGLVIFLTPGNQPAQHAGRGSAPFVAIHTFPLAFSIWARAYTTGLPLRSVGVRQVPEACWPLQAKVRSRLHYFLADREANAAEQGARAVVCHSDGRISETSTANIAIVRGNTISTPPPTDALVGVSLGYAQQLAQSQGLMWQQRSLRQADLENADEILLTSTPNCLLPATRYNGQPVGTGRPGPIFQRLLGAWSKSVGVDIAAQACRCTDSGLTPPTGVTA
155,1,MAAAFGTVFMPEMAITWFDGSNWSVPEMVSSNSITLHPGAHVLHYSSTCFEGLKAFRHEDGSVNIFRMDRNIARLSQSSRLLGLPALDEATVAQMIKDTVARFADEVPAPPGSLYIRPTHFGTEPAIGKAAVPSVTSCFFVLVSPVGDYFAGGDKALRLLLEDQGMRCAPHMGMIKSGGNYASALQPIMRARETVQADQVLFCPGGDVQETGAANFLLIDGNEIITKALDQSFLHGVTRDSILTLARDMGMQVSERELTVDELLERAAKPGCEAALSGTAAVLTPVGTLIYQGKEHAVGQGGVGETTRKLRQALNAIQWGQADDTHGWLTRI
156,1,MGNLHMSSLPETINATSPVAANPPVTYLMRDGELVEYADANLHVLSTTLKYGVGVFEGFRAYWSEDDNELYAFRVADHMRRLVDSMRVVEIDGPQDIEMLSEQLLSLVRANNLRSNLHMRAQVFVDSSDGKPDDTGPATVFMAAIPMNNYFGASGLDVQISSWARLSDRSMPPRIKSIANYQNGRLALLESRRNGYDAALLLTEDGHVAEGAGYNVFMVRQGKLCTPPATESILEGITRDSVLHLARTELGLDVDLRPIDRTELYSADEIFVCGSAAEVNHVTSVDRTPIGNGTAGELTRRIQDLYQKAVLGRAAADQNWALPVYAG
157,1,MSLSASATLERPAPQAEAARAAAPANDAPQVLWFDGELTEANRLQAALNTHALHYGSGVFEGIRAYATRHGTAVFRLPEHLERMRKGAELLGMSFDVAQATEAVLATLRANRQGDAYIRPLAWYGEGNFGLDVGGHPQHLMVATSSTNVHLGGNRTRVSVSKWRRNPASSLPALKLCGAYVNSILAKREVKARGFDEAMFADDDGFAVECTGANLFIVRDGRVTAVEHRDALPGITRDTLIRLIGAESRPVSMEELLDADEVFACGTAAEVTPIGEIDAGENHAGERGSRVYDAESPLAREIAAVYARTVRGESTWSSGWLTEV
159,1,MSIISYLNGEFLPLERAAVPIEERGHQFGDGVYEVVRVYGGRPFLLEWHLERLERSLAAISIQNPYTKSEWTNVIHEAIRRSQEAEATVYWQVTRGIAPRSHGFPATAASVSLVVRPLPGAQDRPEPVKLFALPDQRWANAYVKTINLLPNVLAKEAAHHAGAFEALLVREGVLTEGSSSNVWFVRAGRLYTHSQNRYILAGITRRFVLELAERLNLSVSEQEFRVEDLAEVDEVFLTGTTSEIRLVHEIFTDQAIRPELHQLSANPPHGLVPPVQNLKVLWRQADEHFVASRLQQAFAAAIDDFRLYGAPFPAL
160,1,MTGMTEPWAYLNGRVLPLCEAKVAVFDAGFVQGVTVAEQLRTFGGKLFRLDSHLARLRHSLEVVGVDAGVPLEEIGRIAVDITERNHALLAPGDDLGLTIFVTPGPYAAMAPVEATGEHARPTVCVHTRPIAFRLWADKYERGESVAISTVRQVPEDCWPPELKCRSRMHYYLADREVARRFPGSRAILLHHDGTVCEATTANVLAYFPDEGLVSPPHEHILPGISVAVAKELAGRLGIPFGERALRPDDLASAAELLLTSTSPCALPITRFEGRPVGDGQPGPIHARLLRAWSDMVGVDIAAQAKAFRDRAA
161,1,MIVHFNGQLVPHDRATVSVFDRGFLFGDGVYEGLRATKGVVIGLDRHAYRMRAGLDEARIEGFDAADLGRIADDLLRAQGLREAFIYVQVTRGVPADPETRARVPARGNPPTVFAYAVPVTPVSECREPEVRRAALRPDTRWTRGHLKSISLMGGVLAAIEASEQGSDDAIMHRDGLVTEGTATNVFALIDGVVVTPALASAPMLAGVTRALLMDADPSIIERPVSVEELRGAQEVMLVGTKTMVASVVSLDGVPLGASGPHPCARRLLALLRDAIEADVRRAPAAPPGSAPPGSAPPGSAAPLVGGGVRG
162,1,MKERLVYLSGEFVSENEAKISIFDAAVNLGHCVTDSARTFGHTPFKLEEHVSRLYASLKVARIDPGISESTMLKVTYELLERNLPLYDPNQDCWIVHNVSSGMSPMGPSPVQTSNATIMIANQPLILTGWQKYYHQGCHAVTPFSRQIPSQSLDSRIKNRSRMFYTLAEQEVKLVDKDAQSVILDTDGFIAENKGGNIFAVKDGVVRTSTTVNALAGLTRETTLQICDTLGIETEETRLLPYDLYTADEVFFTSTPYCLMPATKFNGLAVGDGNVGPISKAILSGWKNLTGVDVVAQADFQVEGCTK
163,1,MHDFLPYAWFKGKCVPFKDAKLSIATHALHYGTGAFGGMRAVPDPNNENSFLLFRLDKHAKRLSQSAKLLLTDLSESFISESLITWIKTNKPSKPIYIRPFVYTSDLGIAPRLHNIETDFFIYGLELGDYLSPEGVTCRISSWKRQEDASLPLRGKISGAYITSSLAKTEAVKSGFDEALLLNSQGKVSEASGMNLFIVRDGNLITPGVDQDILEGITRSSVIEIARHLNINCIERAVDKTELFIADEVFLTGTAAKITPIKQIESTILNNKRPLMNKLKSFLLDITENKCSDFKHWITSVDLNS
164,0,MTPEMQVWLNDEFIPRSAATVPLLSHSFSRASAIFEIFRIHSSPQGPATFRMTDHLNRLLNSARLLQMELRYSLADIAKAVSETAKKNEIKNGLVKIMVYWSEEMVIGLLPNTNTDIAIFTVPEEDDMHLDSSEPVATCLSKWRKIDPRTVPVEAKACSNYLNAYLARKEAAQRGFDVGIMLDTDDFLAEGSTESLIIIRGEEIQVPPLGRVLASISRLSVLEMAEKMGLQTVQQPLNLEDLQQADEMFLSHTGNKVESVCQFEQKHMQAPGPITKKLRHQMYRILTFQDEAYIDWMEPLSNF
165,1,MECILIFTRFIKSLSACMQHKFPLIAVNGVIGAQVSPLDRGFAYGDGVFETCRMINAKIPLWDFHKERLLNSCEKLSIKVELQLIQTQLDDLISSLGADDLNATIKITITRGQGGRGYNVPNDVSPTIVIGVFAAASFPEYYFSKGVSTQICKLRLSRSQYLAGLKHLNRLEQILARAEWNDENIAEGILFDTHNYLVEGVFSNIFLVKNSELFTPDLSESGVAGVMRRVIVENIAPELAIKTHIGRYELQDLINADEVFLCNSNYGIWPVREILMEQPKGFIAGDITRELQTHLSKIFVS
166,1,MNMWVYVGETRVEGADAVIALAMGRGQAYGDGVFETMRASDGQILWWPAHWQRFAEGARRLRIVLPRQVVIETEIADLLRGVGDTTIKLTLCRGAGGRGYAPANDAPPLWLLSTHPLPSPQRAGGLVLRWCETLMAVQPLLAGLKHCNRLEQVLARAEWDDPGIDEGLLREQESGDVIGATAANLFVLREHRWWTPPVDRCGIAGVCRDWALSALNAGERRLTVSDVETADALFLCNALRGILPVVRLGDRRWAPHPAMADAVRRLSAAHPALAPAIRQVGGELSADLIGAGRVDVPSP
167,0,MDPVYLNGAFIPRSEAMIPVEDRGFLFADGLYEVTPFYGGRPLRMDGHLRRLTRGLGALRIDFDVEPLPAIHQELLERCGLQDHTMSMVYLQITRGVAPRSHAFPDPPARPTVFAYAKAFERPAVERWMRGFNAVTVPDRRWTRCDLKTIQLLPSVLAQEEARQAGATDALMVRDGLALEGAHNNVFAVFGDVVATHPASNQILPGITREVVLEVARARGVPVEERTIPVAELACASEIFFTGTTTEIRPTVELDGQPVGEGRVGPVTLDLMRGFRELIARECGVELDRDASGSDGG
168,1,MSLPFTLLIDPVAVESERSTFDDTFHEVDSAAPALRVGELSTQRGDGIFETLSVVNGHPHEVEPHISRLSNSAQICDLPAPNPAQWRAAIAYAVTRLPHQGELALKFVLSRGVESGPAPTAWLHATRAADFSAVRQNGVRVVTLDRGYPRGVAERAPWLLMGAKTLSYAINMAALREAHHRGADDTIFLTTDGYVMEGPTSSVILRAGGVYVTPAPSGAILHGTTQQSLFEYLVARGEKVEYRDVTVDELRHADAAWLVSSVRLAVAVTTLDGEPMNTDAQLTDAFNAYLLGRTH
169,1,MVEVKPVLGGATAWGGYGGGMTTRPQNAPAAPAPHIEFDGRPATEEDLRIPALHGFGHFTALQVRGGAARGLGAHLDRLDAANRELFGRPLGGDRVRELIRHALAGAGRADASVRVNAYLPPGAAETVLMVAVREPAALPAAARSLMSVPYARPAPHIKRPGEFGQTYYGMLAGRAGFDEALLTLPSGAVTEGATTNVGFWDGASVVWPDAPALTGTTMTLLDRGLDRAGRPSVRRPVTLEGPDGVGRFRAAFVCNSQGIAPVQRIDATPFTVDEELMRELRAAYGAAPADAV
170,1,MKLTYPSKVYLNGEWLKPEEAKISVFDRGFLFGDGIYEVIPFYSGNLFLLKEHLDRLKYSLNEVELKCDIGDFEALILKAIDLAELNQEDGAIYIQVSRGMAPRTHYFPEKYNATVLMYAYKTNLRGFQQEFKDVVVSNDLRWHRCDIKSVSLMANIIANTEAKKGGFAENIMIRDGFFTEGSHSSLFFVKNDTVYTHPNGTFILPGITRNFLIQLCKNNAIEIIEEALPVSALDEVTEVFITGTTTQITAIKNLHFPDKILNFGDQIGKVTKMLQQLFSEEVKKQTGVDLS
171,1,MLHRYILHNETICEASDPVLSPGQVGLLSGWGVFTTLRVSDGVLFAFERHWARIMRDAASFHVPIPDDAGKVRRQLHELVDANRAYNSTLRLAIVRNGGGMWADPAPRRPSDLIALTADSKEWGVGVKLARQANARHAASPFAGTKILSWSMNLTWLESAQRRGFDEVVLLNERGEVAECTSANIFVANGNQVWTPPLSSGCLPGITRELLLGEVKAPGIQLGEKALLPAELESADEVFITSTTRNLLPVLQIEEKKVGRTDRARVALQKAFAEFVEHYVAQHTEVARTGD
172,1,MTMIKLDQIYGYIWINGDLIPYQFARIHVLTHSLHYSGSVFEGERAYNGKVFKLKEHTERLIQSAESLGLKVPYSVDEIIKAHELLIIQNNIKDAYIRPLIWCGDESLNITNPDLSTNFLIASISSMPRSCEQSVHLHVSRWRKAMPNSTPVQSKSAAQYNMAITSKKEAKALGYDDALLLDYEGFIAECTTTNIFFVKDKTLYTPIADRFLNGITRKTIIEIAKSLCLEVKEERLKLAQIEHFTGCFVTGTAIEVQNISSIDLGNKKILFEDNKIADLLKREYWRIVRG
173,1,MTKNSENNLWYIWINGELVPYELATVHALTHSLHYSGSVFEGERAYNGKVFKLKEHTERLVKSAEVLGLKVPYNVEEIIKAHELLIEKNKIQDAYIRPLVWCGSESLNIINPKLSTNVLIAAVPSMPRAFAAGFNLYVSRWRKAAPNMMPVQSKSAAHYNMAITSKKEAKDLGYDDALLLDYEGYIAECTTTNIFFVKDNVLYTPIADRFLDGITRQTIIEIAKNLGLEVKEERLKLEQIEDFISCFATGTAIEVQNINSIDIGNKKVIFNDHKIADVLKEEYGKIVRG
174,1,MSVKPYVLTERGIVRYEQVTYPMEERGLQFGDGVYEVVRLYNGIYVWLREHLDRLYRSAAAIRLSVPFGCEELIERLEELRRLNDVQEDAILYLQVTRGSFPRNHAFPAEKRPNLYAYIQPMARKTEEMTHGVRAILTKDVRWEYCYIKSLNLLPNVLAKQEAVERGAFEAIFHRDSVVTEGSSSNIFLVKNETVYTHPATERILNGIVRTKVKQFCAELSIPFVEEAFSPNDLAKADELFLTSTTSAIIPIIQVDETVIRNGEPGVVTKALQAAYRQATQPAAKTI
175,1,MTSKNYIKMIVYFNDKYIPHDEVKISPFDRAFLFSDGVYEALRTYNGKLFRLDDHLERLKYSLQQLEIPFHDFHQIEDISKTLADINKIKTDYSVYLQISRGVSFPRTHNYESNLTPNVFAFVKPIKDNSKEIKAGVKIILEKDLRWLRCDIKSTSLLPSIMANQNAIRNNAYEAILFRDDFFTEGSHTSFFAIKDNKIFTAPLSNYILNGITRKVVIELCKENKIDICEEYIYVNELKSFVEFFITGTTTEVTPVIQIDDWIVDDGKPGKITRKIQQLFFNAVKQV
176,1,MKNQIAWIDGSWGSTAELALPLRDRGLQLADGIFETILILDGHPQLLNAHLSRWQTSACLLEMAPPPTAKWLTPLIKEGLKQCNLDNGNGALRLNWSRGDRSSRGISLPQSNPSSTTHRFWLELNAMQPCFTPLTTIISCHERRNANSRLSRCKTFAYGQAIQARHEAQKANCDEAILLSTSGELCCGSTANLIVRRNNYWLTPRLASGCLPGVMRQQGLEQGWLQETQLEATPEKDDQWLLINSLSCQPIVKLDDHLLRAWSDPEGLWYSLLKPNNTDTSPRHTD
177,1,MNKPSFILLDGTLCEESEALVSPINRGLMYGDSCFDTLRLYHGQFLQWERHFARLKEGLGYLRMGCPWSSSELKKDIMKLLRENGLTQGDAMVRLQVWREGGRGYRTEASGARWMIQASPYEADKDKALNLTIAETRCIPSKSLKRTVKLGSGLNYVQAAAEARDANCDNALMFTIDDYISETTTANVFWVKGHRLFTPSVSCDLLPGVMRSIIIDLCKQEGIPVIQGEYQRDELKEAEALFCCNSLIEIQPVHTVGDLTFDEDHQLIQKLKQLISGYKEIHLKE
178,1,MAINSFILLNGEYFSRDEFGVSISNRSFCYGDGLFETMHCNGTEIQFFDDHLIRLKYGMNILKMEIPYSIESGNIKKEIIKLLHKNKLYQGVRIRLSVFRNNGGRYTPITNLSSYIVETEFIENDLYKLNTKGLVIDTFPDIQKSINLFSNLKTSNSLLYVMAGLYASERKIDDCIIINEKGFITETISSNIFLIKDKFILTPPLSDGPVAGIMRKQILRIADMLQFRIYNEKSITEKNILDADELFITNSISGIKWVLAFKEKRFFNTTSKLFIDKLNEIAFK
179,1,MSKTPVMILNGEFVSEQDAAVSPVNRGMMYGDGCFETLRFYAGKLLGWNQHFDRMKAGLHYLGMEANFDPQELKRSIIRLAQENHLLGKEAIIRIQCWRSGGRGYNPASTQSNWMVQISEISPRYEPMELVVANTRCIPNEALQRQYKLTNGLNYIKAAQEASARNADDALMLTMDKKVSETTSANIFWVKGDAVFTPSEECDLLPGVTRSIVTEVCKNLGISLQEGSFPIKDVLEAESIFCTNSLIEIRDVVSIDEREFDLDHPITIKIRAGFEAYKAEHLE
180,0,MRNKKMSIYCLDGNFIAEEKATISVHDLSLLRGYGVFDFLRSYNGHPFQLQAHIDRLARSAQLVGLSLPVSCEEIFRLTMETIAHNNHQEYQIRLVITGGESLGGFLPERGAARLIIMVSPLHPLPEQWYSNGVKVTTCRTSRFLPGAKTTNYIPAILAMQEATARGAVESIYLDAGGFLQEGTTSNFFAFFGSTLVTPPSSRILPGITREAVLDLAQGEFNIEIRPIHQDEIRLMDEAVITASNKEILPVCAINSEQISQKVGLHSKKLMQLFKSFTRKYQG
181,1,MKIYLNGSIVDKGKAKVSIFDSGFLHGDGLFETMRAYSGAIFLLDRHLDRLISAAHVLEFGSMIVKAELERACMETLNANGLINARVRLTVTRGEEDESESTVIVVATPFDGYDKQLYENGMSAITLSGFRCSGNITSTIKSNSYLSSIMPRRKAMARGYDEAILVNERGNIAEGSFTNIFCLREGGLYTPPVSDGLLPGITRGFVIELAKQAGYEVIQRSIHASDLFKMEEVFLTNSMMEIMPLTKVNGSNIDDGRPGTITIKLAQLYKQSVLDWLAESKN
182,1,MDIAMIDDQILPMAELAGPYLDRGLYFGDGVYEVVRSYDGRLFALDEHLARFDRSLQQIQIAGVDIESVQQKVLSAVDAGGYANAKVYFHMTRGSGPRDHLPARDTTPNFLMTVSELKDDPKAKEKGIAVSTHPDWRWKRCDIKSLNLLANVLARIEAKKKGASEAILVGDDGVITEGAASAFFAIDGKEKTLLTRPLGKEILPSITRARVMQMARNAGLSVVERALTPQQAAECDELFIAVTTQDIVPVVRFDAAAIGNGQCGEWTSRLIAEFAAFVRMK
183,0,MQIAMIQDKIVPLSELDPVYLDRGTYFGDGVYEVVRSYDGRIFALQEHLTRLVRSLNEISITGVDIDQIRRRVEQAYRTAGIANAKIYFHVTRGSHLRSHAGDRDLKPNFFLTVTELPDSSEQKETGISVCTYPDWRWKRCDIKTLNLLPNVLARMEAEHRGCAEAILVNEDGFITEAAGSAFFAIFAGGRLVTRPLGSEILASITRRFVMGLTSQVGLDVLEQAITPAEAQKADELFIAVTTLDIVPVVRFDGAGIGTGRPGRYTKLLIDAFKEFVAQS
184,1,MTARISVDFVDADTVPVSDRGFMYGDGLFETLRLVGGRIPLWQRHAARLREGCSRLRLPLPDLSGLHDETMRLGAGMPDAVVRVTVTRGSGERGYAPPSSPRPRVVVSVAPLALDAAAYVDGIAVRLCETRLADQPLLAGLKHLNRLEQVMARAEWSDDAIGEGLVTDMAGHVVCATSANVFAVFGDTLVTPAVDRCGVAGVARAEIAALRPVSLSSMNPERLAGADEVFLTSAVRGILPVRAFAARTWRPGPVTRALQAHWRDIGLPLPSDPKDSDR
185,0,MEDISYREFYMKNDKIMQKDSFNSEFMNLGKSLYEVIRIEDGVPLFIEKNLKRIENSAKITNLILPINSEEIREKVNRVIEVNKVEVGNIKIVFNFYNDKCNFYVYFIKHNYPTKEQYNRGVDTVFYHGERVNPNAKVVNLKFRAAVEEKIKNCNAYEAILVDHNGNVTEGNRSNIFMVKENTVYTAPLEDVLPGTTRDSIIDVILKCGYKFMEKRVNYIDAVKMDGMFISGTLSKVLPIRKVEDFQLKSSENEVIRDIMREYDDMIKRYIDENKLL
186,1,MECFQKYFIHNKEIKLCSDFDENLYSKGTSVYEVIRIEQGVALFLEDHLERLFQSAHILNLNIDERFDDIKSTIKELVRINSVLIGKIKLMVHFNSENNKQHDFLIYFNPHYFPTVQEYKNGVKTGLCTAIRTNPNAKMHNTKARLKANHIIAEKKLFEVILMDKDGFMTEGSRSNVLFISEDSVISALEKDILQGIARKNVKRICLENKIPFIERKIHFNELSQMDALFLTGTSLKVLPVSAFEEIRFSAENPLLHKLMHLYDLKIEKYIKKNLK
187,0,MTDHLSAQIFLNGSRISSEHVFPTLFSEDQIFVFESLRSYGGIIFRLEEHLDRLFESAKTIGVHLPKTRSELRKELTACLTHEGGQDRFLRLALDEENSYIWIDERKRPGWIYEKGIDLQTAVTHRNLINSAPPEAKTSAFLNGVLAFLEKGDSSVYESIFLDQNGYLAEATVWNLFIVKGRELRTPQVSILHGVTRQFVIKCAHKEGIPTLESNITRHDSWNADEAFLTNTSGEIAPVRSLDGRMIGKQIPGEVTKALMARFQKDLKKELKSRAN
188,0,MEKIHAVFNSKFNYLHDIKISPLSRGYTFSDSVYEVIPFYNSKIIAFEKHISRLKKSCSSLNIPINIEKTTNEILELISTSNLRDGYVYYQVSRGVDLIRSHMFDNKISTETFGYVVEYIFKTQTLKVMLCEDLRWQRCDIKSTSLLGNIMSMNNAKDKGCDEVIMHRDNILTEGGASNMFFADDKTIFTPEISTNILPGITRDLLINEIKKAGMKVEEGNYSIDDLVDAKSIWLTSSTKGLAQVIEIFNYDVSLERDHHLFLKCKKIFSEKFFK
189,1,MLIWWRGKFQRADEISLDFSLFEKSLQGAVYETLRTYNGIPFAAYKHYSRLKRSVDFFKIPFSLGFDEFSEVLKTGAQEFKQEVRIKVYLFPDSGETLFVFSPLNVPDVESGVDVKISSIRRIPDLSTPPALKITGRTDIVLARMEIVDCYDVILLGLNGQVCEGSFSNVFLVKEGKLVTPSLDSGILDGITRENVIKLAKNLEIPIEERVVWVWELFEADEMFLTHTSVGVVPVRRLNEHLFFEEEPGPVTATLMENFEPFILNLEENWVGI
190,1,MILVNGQPENSIHVLDRGLQYGDGLFETLAFRHGQLEFLNAHLSRLYRGCDRLKIGTQQLDSLLTAEIEQICNDLVEDSVIKIIITRGQGSRGYRIQADSPASRIISTHAMPNYPQKNQQGIRVRLCQQTLSENTSLAGIKHLNRLEQVLARSEWDDDEISEGLMFNTQQQLIEGTMSNIFIVKDGELFTPELALSGVAGIMREQIIHCTKQAGIAVVETVLTKNDLKNADEIFLSNSIIDIWPIIEIDGFSTYIYGNITKKVQTLVANLTR
191,1,MRTHRFASLNRRTVERSALNVPALASCALYGKGIFTTVAMHDYEPFMWDSHWRRLAANAQKVGIDLSEFGHDNVYGAFDDLVAQNCAGNGRVRITFFDESSTALWPYEAKQRTSMLITTADLLPVAENFKLAVSPHLINSTSPLAGVKSCNYLEKIIAKDEAKKRGFDEAIQLNERGEIASACMANVFWLKNGKLFTPSLRTGCLPGTTREFILENLECEEVEVGIEALKTADEIFLTSAGIGVVQVAGFDGREIQRSDHALLKLLPSRP
192,0,MCLINGQVGSALPVDDRGLAYGDGLFETIRVRAAQPTLLDYHLRRLRRGAEQLRLELDWAALQSELLLMASQSGVGVIKLIVTRGSGQRGYSVAGAQQPLRIVMGSALPEYPPDRQSQGVELFSCQTRLASQPLLAGLKHLNRLEQVLARSEWLDSRYAEGLMCDQHDRIIECTMSNLFLRWQGHWITPDLSESGVRGVMRDYLIDRLAEEGDPVSIVAVDQLMLHECSELFCCNSLYGVWPIVAMNGLRWPVGQATLAAQQIAKQALL
193,0,MIKILSEKNVKNNRIITKEETEMLAADAKIYEVVRVMDGKPVFLKEHFDRMNESIRLSRIKGRLDYEEFKDSIDLLIRENPYRNLNIRISYLYDEKPLTLFYFIESYYPTREEFRRGIHTVTLKMERSNPNAKLYQKELRDEVTRLIKEKNAFEALLVNHDGTISEGSRSNIFFVKGNKLITPPDSSVLLGVTRSKVISLCEDNGIEIEKRIIRLDEIGGFDGAFITGTSNDVLPVKTIDDRVYNSPDNDLVKRVSELYLEEVAKEIR
194,1,MTTAAPLYAEFNGHAATEADLLIPAFSSYGHFTAMQVRDGKVRGLAFHLARLDAANQELFDHGLDGGRIRDLIRHALDGAGIRDASTRVHAFLPPGDAKATVMVTVRGPAQKSPEPHSLRSVPYVRTAPHIKRPGEFGQTYYGRLAARSGFDEALLTAPDGTVTEGAITNIAFWDGTSVVWPAAPSLHGVTMALLEQELPGAGLASVRRPVTLDGIGAFRSAFLTNSQGIAPIRRIDDAEFTVDEELMKQVGLAYEGAPWDTL
195,0,MKLWLNGGLVDAAAARIAPGDRGFTLGDGLFETIAVRGGTPLRLSAHLARLARGAEVIGLPLPTFDLSAIATALLAANGLTDAVLRLTLTRGEGPRGVLPPEAPRPTLLVTAAPMAAPAPPARLMLAQGTRRNEFSPLSGIKSLNYLDNILARQEAQRAGCDDALLLNTLGRLAESTIANLFVQRDGQLLTPPLSEGALPGVMRAEVLARGAVERPLTSDDVATAEEAFLTSSLGLRSVRSFGDRVFSSFAVAERLRTEIP
196,1,MSAQNSLPASLALTNFAHFTSMRVESGRVRGLARHLERLDRDSWVVFGTGLDEAAVRAAIKQAIKGATDPLAVRVTVHAPDFDPRDPAADLTPQVAVTTAALPEDSPKPLGVRTAGYQRDLPQVKHTGLFGLYYQRRLATRAGFDDVLFVNPDGEVSEGSTWNVCFHTADDTFVWPSAPALPGIAMSLVQSGLHRAGAKTEVRPVTAAELPDFRGAYATNALRPVRAISHVDETEYAVDPEVTARLLRAHDLTAAERV
197,1,MSARDDHQRAGYGHYTAMRVEQGRVRGLARHLERLDRDAWVVFGAGIAEDVVRAEIRRAVDGHAEPVYAKATVFAPDFDRRTPEADVEPQVEVTVGALPGDDGPPLRVRTAAYQRDLPTIKHVGVFGPTYHRRLARKAGFDDVLFVNPDNEVCEGATWNICFLDGDTVVFPSAPALPGIAMGLIQSGLTRAGLHYEVRPVFAADLSDFGAAFATNALRPVRPIGAIDDVEFKVDADAVARLRRCHDSTPEERV
198,1,MKEVITLNGKRFLNKKILRTLMYGEGVFETFRYNGKLPKFIEKHYSRLKKGAQVLDIPVISLEDYIKFIEDSVKQLKEKDLYVKTVLTSEGSTYFSEKAENSNLLVIIKPFKPLEEQEIKLTVAPFKVHSSDPLLKIKSTNYTRNILAKRYALKKGCFDAVFLNEKNEITETSSANIFWVRGKYLYTPSLECGLLNGITRQFVIEKAKEEGFVVVEGRFYLNDVKNSDMIFITNSLNGIIKVSSIV
199,1,MPRARAVGAGAVVDVGLIETIRARGGRLPWLARHFVRLRASIAALGAPDAPDDLVDLVRFAVGSADRVVRLQVTGGHAEIATRDLNTEREVAVVASPEVHVPYPHKTTRRAQFGRALANARRVGAGDALLLTADGYVAEGTAWNLFWWENGALCTPAADLGILSGIGRQRIMDLAEVTEVRVPVAALAGRSLFFVNAVRGIVEIAVFEGEPVRRDRRTGELSAAFWPD
200,1,MLKILASDKNINFTSRANPYASMADRPGYVIALSSIRRNETSPLVRHKTFNYGDSILAKRQARAEGIDEPIFCNMQGQLTEGAVSNLFFIKNGRLYTPPVEAGLLPGIIRSYLCQCYDVIEKPLYPEDIRTFDECFLTNSLMGLMPVRRFGTVAFPVSSETQTAALFRRYEADKSLPFPLSIRRAGERPGRPCPSR
